<FightActions>
    <fightAction map="10360" action="0" argument="10361,379"/>
    <fightAction map="2073" action="0" argument="2074,409"/>
    <fightAction map="2074" action="0" argument="2075,409"/>
    <fightAction map="2075" action="0" argument="2076,409"/>
    <fightAction map="2076" action="0" argument="2077,409"/>
    <fightAction map="2077" action="0" argument="2079,409"/>
    <fightAction map="2079" action="0" argument="2080,409"/>
    <fightAction map="2080" action="0" argument="2081,409"/>
    <fightAction map="2081" action="0" argument="2082,409"/>
    <fightAction map="2082" action="0" argument="2083,409"/>
    <fightAction map="2083" action="0" argument="2084,395"/>
    <fightAction map="9768" action="0" argument="9769,415"/>
    <fightAction map="9769" action="0" argument="9770,308"/>
    <fightAction map="9770" action="0" argument="9771,293"/>
    <fightAction map="9771" action="0" argument="9772,394"/>
    <fightAction map="9772" action="0" argument="9773,289"/>
    <fightAction map="9773" action="0" argument="9774,276"/>
    <fightAction map="9774" action="0" argument="7453,201"/>
    <fightAction map="10156" action="0" argument="10157,292"/>
    <fightAction map="10157" action="0" argument="10158,334"/>
    <fightAction map="10158" action="0" argument="10159,334"/>
    <fightAction map="10159" action="0" argument="10160,395"/>
    <fightAction map="10160" action="0" argument="10161,424"/>
    <fightAction map="10161" action="0" argument="10162,454"/>
    <fightAction map="10162" action="0" argument="10163,454"/>
    <fightAction map="10163" action="0" argument="10164,193"/>
    <fightAction map="10164" action="0" argument="10165,223"/>
    <fightAction map="11879" action="0" argument="11880,165"/>
    <fightAction map="11880" action="0" argument="11881,134"/>
    <fightAction map="11881" action="0" argument="11882,163"/>
    <fightAction map="11882" action="0" argument="11883,104"/>
    <fightAction map="11883" action="0" argument="11884,104"/>
    <fightAction map="11884" action="0" argument="11885,462"/>
    <fightAction map="11885" action="0" argument="11886,447"/>
    <fightAction map="11886" action="0" argument="11887,436"/>
    <fightAction map="11887" action="0" argument="11891,450"/>
    <fightAction map="10191" action="0" argument="10192,450"/>
    <fightAction map="10192" action="0" argument="10193,450"/>
    <fightAction map="10193" action="0" argument="10194,436"/>
    <fightAction map="10194" action="0" argument="10195,450"/>
    <fightAction map="10195" action="0" argument="10196,450"/>
    <fightAction map="10196" action="0" argument="10197,450"/>
    <fightAction map="10197" action="0" argument="10198,450"/>
    <fightAction map="10198" action="0" argument="10199,450"/>
    <fightAction map="10098" action="0" argument="10099,436"/>
    <fightAction map="10099" action="0" argument="10100,350"/>
    <fightAction map="10100" action="0" argument="10101,451"/>
    <fightAction map="10101" action="0" argument="10102,350"/>
    <fightAction map="10102" action="0" argument="10103,393"/>
    <fightAction map="10103" action="0" argument="10106,421"/>
    <fightAction map="10106" action="0" argument="10107,450"/>
    <fightAction map="10107" action="0" argument="10109,407"/>
    <fightAction map="10109" action="0" argument="7858,329"/>
    <fightAction map="18545" action="0" argument="8547,390"/>
    <fightAction map="8543" action="0" argument="8544,332"/>
    <fightAction map="8544" action="0" argument="8546,79"/>
    <fightAction map="8969" action="0" argument="8968,291"/>
    <fightAction map="8968" action="0" argument="8967,233"/>
    <fightAction map="8545" action="0" argument="8543,389"/>
    <fightAction map="11259" action="0" argument="11262,300"/>
    <fightAction map="11262" action="0" argument="11263,300"/>
    <fightAction map="11263" action="0" argument="11264,300"/>
    <fightAction map="11264" action="0" argument="11265,300"/>
    <fightAction map="11265" action="0" argument="11266,300"/>
    <fightAction map="11266" action="0" argument="11267,300"/>
    <fightAction map="11267" action="0" argument="11517,300"/>
    <fightAction map="9775" action="0" argument="9776,436"/>
    <fightAction map="9778" action="0" argument="9779,408"/>
    <fightAction map="9779" action="0" argument="9780,422"/>
    <fightAction map="9780" action="0" argument="9781,350"/>
    <fightAction map="9781" action="0" argument="9782,436"/>
    <fightAction map="9782" action="0" argument="9784,436"/>
    <fightAction map="9784" action="0" argument="1298,177"/>
    <fightAction map="10807" action="0" argument="10808,300"/>
    <fightAction map="10808" action="0" argument="10809,300"/>
    <fightAction map="10809" action="0" argument="10810,300"/>
    <fightAction map="10810" action="0" argument="10811,300"/>
    <fightAction map="10811" action="0" argument="10812,300"/>
    <fightAction map="10812" action="0" argument="10813,300"/>
    <fightAction map="9750" action="0" argument="9751,399"/>
    <fightAction map="9751" action="0" argument="9752,366"/>
    <fightAction map="9752" action="0" argument="9753,380"/>
    <fightAction map="9755" action="0" argument="9757,375"/>
    <fightAction map="9757" action="0" argument="9758,366"/>
    <fightAction map="10361" action="0" argument="10362,320"/>
    <fightAction map="10362" action="0" argument="10363,305"/>
    <fightAction map="10363" action="0" argument="10364,305"/>
    <fightAction map="11888" action="0" argument="11891,450"/>
    <fightAction map="11889" action="0" argument="11891,450"/>
    <fightAction map="11890" action="0" argument="11891,450"/>
    <fightAction map="11892" action="0" argument="11878,113"/>
    <fightAction map="9758" action="0" argument="9759,366"/>
    <fightAction map="9759" action="0" argument="9760,403"/>
    <fightAction map="9760" action="0" argument="9767,403"/>
    <fightAction map="10417" action="0" argument="10418,270"/>
    <fightAction map="10418" action="0" argument="10419,226"/>
    <fightAction map="10419" action="0" argument="11101,329"/>
    <fightAction map="1767" action="0" argument="1768,409"/>
    <fightAction map="1768" action="0" argument="1769,409"/>
    <fightAction map="1769" action="0" argument="1770,409"/>
    <fightAction map="1770" action="0" argument="1771,409"/>
    <fightAction map="1772" action="0" argument="1773,409"/>
    <fightAction map="1773" action="0" argument="1774,409"/>
    <fightAction map="1780" action="0" argument="1780,409"/>
    <fightAction map="2102" action="0" argument="2094,422"/>
    <fightAction map="2094" action="0" argument="2086,422"/>
    <fightAction map="2087" action="0" argument="2096,422"/>
    <fightAction map="2096" action="0" argument="2105,422"/>
    <fightAction map="2098" action="0" argument="2090,422"/>
    <fightAction map="2090" action="0" argument="2099,422"/>
    <fightAction map="2099" action="0" argument="2163,366"/>
    <fightAction map="2163" action="0" argument="1113,199"/>
    <fightAction map="2086" action="0" argument="2104,422"/>
    <fightAction map="2089" action="0" argument="2098,422"/>
    <fightAction map="8541" action="0" argument="8542,223"/>
    <fightAction map="8542" action="0" argument="8545,74"/>
    <fightAction map="11939" action="0" argument="11940,260"/>
    <fightAction map="8546" action="0" argument="8545,305"/>
    <fightAction map="8547" action="0" argument="8548,422"/>
    <fightAction map="8548" action="0" argument="8549,437"/>
    <fightAction map="8549" action="0" argument="9989,437"/>
    <fightAction map="2110" action="0" argument="2111,118"/>
    <fightAction map="2111" action="0" argument="2112,118"/>
    <fightAction map="2112" action="0" argument="2113,118"/>
    <fightAction map="2113" action="0" argument="2114,118"/>
    <fightAction map="2114" action="0" argument="2115,118"/>
    <fightAction map="2115" action="0" argument="2116,118"/>
    <fightAction map="2116" action="0" argument="2117,118"/>
    <fightAction map="2117" action="0" argument="2118,118"/>
    <fightAction map="2118" action="0" argument="2119,191"/>
    <fightAction map="1771" action="0" argument="1772,409"/>
    <fightAction map="1687" action="0" argument="1443,286"/>
    <fightAction map="1443" action="0" argument="1443,104"/>
    <fightAction map="9659" action="0" argument="9646,408"/>
    <fightAction map="9658" action="0" argument="9659,422"/>
    <fightAction map="9657" action="0" argument="9658,408"/>
    <fightAction map="9656" action="0" argument="9657,393"/>
    <fightAction map="9655" action="0" argument="9656,113"/>
    <fightAction map="9653" action="0" argument="9655,79"/>
    <fightAction map="9650" action="0" argument="9651,408"/>
    <fightAction map="9652" action="0" argument="9653,422"/>
    <fightAction map="8291" action="0" argument="8295,422"/>
    <fightAction map="8295" action="0" argument="8290,102"/>
    <fightAction map="8290" action="0" argument="8293,40"/>
    <fightAction map="8293" action="0" argument="8294,407"/>
    <fightAction map="8294" action="0" argument="8296,392"/>
    <fightAction map="8296" action="0" argument="8351,392"/>
    <fightAction map="1774" action="0" argument="1780,409"/>
    <fightAction map="8950" action="0" argument="8952,89"/>
    <fightAction map="8952" action="0" argument="8953,117"/>
    <fightAction map="8953" action="0" argument="8954,117"/>
    <fightAction map="8963" action="0" argument="8964,393"/>
    <fightAction map="8964" action="0" argument="8965,394"/>
    <fightAction map="8965" action="0" argument="9717,394"/>
    <fightAction map="1783" action="0" argument="1784,394"/>
    <fightAction map="1784" action="0" argument="1785,394"/>
    <fightAction map="1785" action="0" argument="1786,394"/>
    <fightAction map="1786" action="0" argument="1787,394"/>
    <fightAction map="1787" action="0" argument="1788,394"/>
    <fightAction map="1788" action="0" argument="1790,394"/>
    <fightAction map="1790" action="0" argument="1789,394"/>
    <fightAction map="1789" action="0" argument="1795,394"/>
    <fightAction map="9521" action="0" argument="9523,436"/>
    <fightAction map="9523" action="0" argument="9524,436"/>
    <fightAction map="9530" action="0" argument="9533,451"/>
    <fightAction map="9533" action="0" argument="9765,436"/>
    <fightAction map="9765" action="0" argument="9766,436"/>
    <fightAction map="9766" action="0" argument="9522,436"/>
    <fightAction map="2085" action="0" argument="2102,422"/>
    <fightAction map="2104" action="0" argument="2087,422"/>
    <fightAction map="9647" action="0" argument="9648,144"/>
    <fightAction map="9524" action="0" argument="9525,451"/>
    <fightAction map="8713" action="0" argument="8709,380"/>
    <fightAction map="8709" action="0" argument="8715,119"/>
    <fightAction map="8716" action="0" argument="8718,439"/>
    <fightAction map="8718" action="0" argument="8719,222"/>
    <fightAction map="8721" action="0" argument="8722,437"/>
    <fightAction map="8722" action="0" argument="8723,440"/>
    <fightAction map="8723" action="0" argument="8724,255"/>
    <fightAction map="8724" action="0" argument="8710,147"/>
    <fightAction map="8710" action="0" argument="8711,423"/>
    <fightAction map="8719" action="0" argument="10154,335"/>
    <fightAction map="10154" action="0" argument="8721,365"/>
    <fightAction map="8715" action="0" argument="8716,366"/>
    <fightAction map="8711" action="0" argument="10234,56"/>
    <fightAction map="10234" action="0" argument="10235,56"/>
    <fightAction map="6814" action="0" argument="6815,38"/>
    <fightAction map="6815" action="0" argument="6816,117"/>
    <fightAction map="6816" action="0" argument="6817,320"/>
    <fightAction map="6817" action="0" argument="6818,262"/>
    <fightAction map="6818" action="0" argument="6819,36"/>
    <fightAction map="6819" action="0" argument="6820,102"/>
    <fightAction map="6820" action="0" argument="6821,160"/>
    <fightAction map="6821" action="0" argument="6822,131"/>
    <fightAction map="6822" action="0" argument="6823,441"/>
    <fightAction map="6831" action="0" argument="6840,403"/>
    <fightAction map="6832" action="0" argument="6840,403"/>
    <fightAction map="6833" action="0" argument="6840,403"/>
    <fightAction map="6834" action="0" argument="6840,403"/>
    <fightAction map="6835" action="0" argument="6840,403"/>
    <fightAction map="6836" action="0" argument="6840,403"/>
    <fightAction map="1836" action="0" argument="1842,268"/>
    <fightAction map="11931" action="0" argument="11932,378"/>
    <fightAction map="11932" action="0" argument="11933,365"/>
    <fightAction map="11933" action="0" argument="11934,408"/>
    <fightAction map="11936" action="0" argument="11937,446"/>
    <fightAction map="11937" action="0" argument="11938,428"/>
    <fightAction map="11938" action="0" argument="11939,260"/>
    <fightAction map="9648" action="0" argument="9649,268"/>
    <fightAction map="9654" action="0" argument="10125,392"/>
    <fightAction map="10125" action="0" argument="9656,102"/>
    <fightAction map="10200" action="0" argument="10201,182"/>
    <fightAction map="10201" action="0" argument="10202,119"/>
    <fightAction map="10202" action="0" argument="10203,332"/>
    <fightAction map="10203" action="0" argument="10204,176"/>
    <fightAction map="10205" action="0" argument="10210,176"/>
    <fightAction map="10210" action="0" argument="10211,165"/>
    <fightAction map="10211" action="0" argument="10212,50"/>
    <fightAction map="10212" action="0" argument="10213,200"/>
    <fightAction map="10204" action="0" argument="10205,165"/>
    <fightAction map="8714" action="0" argument="9120,112"/>
    <fightAction map="9121" action="0" argument="9122,113"/>
    <fightAction map="9122" action="0" argument="9123,113"/>
    <fightAction map="9125" action="0" argument="10153,452"/>
    <fightAction map="10153" action="0" argument="9126,452"/>
    <fightAction map="9578" action="0" argument="9581,427"/>
    <fightAction map="9581" action="0" argument="9582,220"/>
    <fightAction map="9582" action="0" argument="9583,323"/>
    <fightAction map="9583" action="0" argument="9584,276"/>
    <fightAction map="9584" action="0" argument="9585,165"/>
    <fightAction map="9585" action="0" argument="9586,341"/>
    <fightAction map="9586" action="0" argument="9587,360"/>
    <fightAction map="9587" action="0" argument="9588,407"/>
    <fightAction map="9864" action="0" argument="9588,407"/>
    <fightAction map="9580" action="0" argument="9579,301"/>
    <fightAction map="8303" action="0" argument="8304,359"/>
    <fightAction map="8306" action="0" argument="8313,394"/>
    <fightAction map="8311" action="0" argument="8313,394"/>
    <fightAction map="8310" action="0" argument="8313,394"/>
    <fightAction map="8313" action="0" argument="8305,380"/>
    <fightAction map="8305" action="0" argument="8314,403"/>
    <fightAction map="8314" action="0" argument="8317,403"/>
    <fightAction map="7519" action="0" argument="7520,418"/>
    <fightAction map="7520" action="0" argument="7521,418"/>
    <fightAction map="7521" action="0" argument="7531,433"/>
    <fightAction map="7522" action="0" argument="7532,433"/>
    <fightAction map="7523" action="0" argument="7524,432"/>
    <fightAction map="7524" action="0" argument="7537,415"/>
    <fightAction map="7525" action="0" argument="7534,433"/>
    <fightAction map="7526" action="0" argument="4786,300"/>
    <fightAction map="8304" action="0" argument="8308,380"/>
    <fightAction map="10141" action="0" argument="10142,462"/>
    <fightAction map="10142" action="0" argument="10143,456"/>
    <fightAction map="10143" action="0" argument="10144,438"/>
    <fightAction map="10144" action="0" argument="10145,407"/>
    <fightAction map="10145" action="0" argument="10146,339"/>
    <fightAction map="10146" action="0" argument="10147,179"/>
    <fightAction map="10147" action="0" argument="10148,83"/>
    <fightAction map="10148" action="0" argument="10149,128"/>
    <fightAction map="10149" action="0" argument="9638,131"/>
    <fightAction map="8357" action="0" argument="8349,268"/>
    <fightAction map="8282" action="0" argument="8321,433"/>
    <fightAction map="8321" action="0" argument="8322,403"/>
    <fightAction map="8322" action="0" argument="8326,433"/>
    <fightAction map="8326" action="0" argument="8327,388"/>
    <fightAction map="8327" action="0" argument="8328,404"/>
    <fightAction map="8328" action="0" argument="8329,388"/>
    <fightAction map="8329" action="0" argument="8330,231"/>
    <fightAction map="8330" action="0" argument="8331,273"/>
    <fightAction map="8331" action="0" argument="8497,42"/>
    <fightAction map="9528" action="0" argument="9531,276"/>
    <fightAction map="9529" action="0" argument="9532,436"/>
    <fightAction map="9531" action="0" argument="9534,436"/>
    <fightAction map="9532" action="0" argument="9534,436"/>
    <fightAction map="9534" action="0" argument="9535,436"/>
    <fightAction map="9535" action="0" argument="9522,436"/>
    <fightAction map="10176" action="0" argument="10191,407"/>
    <fightAction map="6691" action="0" argument="6900,337"/>
    <fightAction map="6693" action="0" argument="6692,397"/>
    <fightAction map="6709" action="0" argument="6692,277"/>
    <fightAction map="6710" action="0" argument="6901,337"/>
    <fightAction map="6721" action="0" argument="6720,291"/>
    <fightAction map="6722" action="0" argument="6720,411"/>
    <fightAction map="6902" action="0" argument="6723,306"/>
    <fightAction map="6903" action="0" argument="6723,441"/>
    <fightAction map="6723" action="0" argument="6811,366"/>
    <fightAction map="6811" action="0" argument="8203,380"/>
    <fightAction map="8203" action="0" argument="6684,155"/>
    <fightAction map="1549" action="42" argument="979"/>
    <fightAction map="9981" action="0" argument="9993,390"/>
    <fightAction map="9993" action="0" argument="10019,405"/>
    <fightAction map="10019" action="0" argument="10020,434"/>
    <fightAction map="11943" action="0" argument="11944,390"/>
    <fightAction map="10020" action="0" argument="10021,349"/>
    <fightAction map="10021" action="0" argument="10022,462"/>
    <fightAction map="10022" action="0" argument="10023,434"/>
    <fightAction map="10023" action="0" argument="10024,332"/>
    <fightAction map="10024" action="0" argument="10025,378"/>
    <fightAction map="10025" action="0" argument="9946,313"/>
    <fightAction map="11944" action="0" argument="11945,405"/>
    <fightAction map="11945" action="0" argument="11946,434"/>
    <fightAction map="11946" action="0" argument="11947,349"/>
    <fightAction map="11947" action="0" argument="11948,462"/>
    <fightAction map="11948" action="0" argument="11949,434"/>
    <fightAction map="11949" action="0" argument="11950,332"/>
    <fightAction map="11950" action="0" argument="11951,378"/>
    <fightAction map="11951" action="0" argument="9946,313"/>
    <fightAction map="11953" action="0" argument="11954,390"/>
    <fightAction map="11954" action="0" argument="11955,405"/>
    <fightAction map="11955" action="0" argument="11956,434"/>
    <fightAction map="11956" action="0" argument="11957,349"/>
    <fightAction map="11957" action="0" argument="11958,462"/>
    <fightAction map="11958" action="0" argument="11959,434"/>
    <fightAction map="11959" action="0" argument="11960,332"/>
    <fightAction map="11960" action="0" argument="11961,378"/>
    <fightAction map="11961" action="0" argument="9946,313"/>
    <fightAction map="8979" action="0" argument="8980,421"/>
    <fightAction map="8980" action="0" argument="8981,457"/>
    <fightAction map="8981" action="0" argument="8982,453"/>
    <fightAction map="8982" action="0" argument="8983,459"/>
    <fightAction map="8983" action="0" argument="8984,453"/>
    <fightAction map="8984" action="0" argument="9716,453"/>
    <fightAction map="10814" action="0" argument="10815,450"/>
    <fightAction map="10815" action="0" argument="11075,421"/>
    <fightAction map="11075" action="0" argument="11076,450"/>
    <fightAction map="11076" action="0" argument="11077,453"/>
    <fightAction map="11077" action="0" argument="11078,455"/>
    <fightAction map="11078" action="0" argument="11079,454"/>
    <fightAction map="11079" action="0" argument="11234,454"/>
    <fightAction map="2100" action="0" argument="2091,422"/>
    <fightAction map="2105" action="0" argument="2088,422"/>
    <fightAction map="2088" action="0" argument="2097,422"/>
    <fightAction map="2097" action="0" argument="2089,422"/>
    <fightAction map="11067" action="0" argument="11074,408"/>
    <fightAction map="11074" action="0" argument="11071,208"/>
    <fightAction map="11071" action="0" argument="11072,176"/>
    <fightAction map="11072" action="0" argument="11068,196"/>
    <fightAction map="11068" action="0" argument="11073,111"/>
    <fightAction map="11235" action="0" argument="11069,170"/>
    <fightAction map="11073" action="0" argument="11235,170"/>
    <fightAction map="8967" action="0" argument="8966,262"/>
    <fightAction map="8977" action="0" argument="8978,436"/>
    <fightAction map="11108" action="0" argument="11111,187"/>
    <fightAction map="11111" action="0" argument="11113,332"/>
    <fightAction map="11113" action="0" argument="11115,301"/>
    <fightAction map="11115" action="0" argument="11121,382"/>
    <fightAction map="11121" action="0" argument="11127,408"/>
    <fightAction map="11127" action="0" argument="11128,448"/>
    <fightAction map="11128" action="0" argument="11133,262"/>
    <fightAction map="11133" action="0" argument="11192,262"/>
    <fightAction map="9595" action="525" argument="9601,250;9603,250"/>
    <fightAction map="9590" action="525" argument="9596,250;9594,250"/>
    <fightAction map="9594" action="525" argument="9600,250;9599,250"/>
    <fightAction map="9599" action="525" argument="9595,250;9591,250"/>
    <fightAction map="9591" action="525" argument="9603,250;9590,250"/>
    <fightAction map="9596" action="525" argument="9592,250;9600,250"/>
    <fightAction map="9600" action="525" argument="9597,250;9595,250"/>
    <fightAction map="10256" action="0" argument="10257,211"/>
    <fightAction map="9603" action="525" argument="9723,250;9596,250"/>
    <fightAction map="9592" action="525" argument="9593,250;9597,250"/>
    <fightAction map="9597" action="525" argument="9598,250;9601,250"/>
    <fightAction map="9601" action="525" argument="9602,250;9723,250"/>
    <fightAction map="9723" action="525" argument="9724,250;9592,250"/>
    <fightAction map="9593" action="525" argument="9590,250;9598,250"/>
    <fightAction map="9598" action="525" argument="9594,250;9602,250"/>
    <fightAction map="9602" action="525" argument="9599,250;9724,250"/>
    <fightAction map="9724" action="525" argument="9591,250;9593,250"/>
    <fightAction map="9880" action="0" argument="9877,399"/>
    <fightAction map="9879" action="0" argument="9881,467"/>

</FightActions>