<Npcs>
    <Npc id="891" map="10273" cell="222" orientation="1"/>
    <Npc id="868" map="10337" cell="225" orientation="1"/>
    <Npc id="870" map="10258" cell="271" orientation="1"/>
    <Npc id="856" map="10295" cell="214" orientation="1"/>
    <Npc id="857" map="10297" cell="220" orientation="1"/>
    <Npc id="848" map="10302" cell="220" orientation="1"/>
    <Npc id="849" map="10302" cell="293" orientation="1"/>
    <Npc id="859" map="10317" cell="208" orientation="1"/>
    <Npc id="860" map="10317" cell="183" orientation="1"/>
    <Npc id="888" map="10318" cell="198" orientation="1"/>
    <Npc id="476" map="7392" cell="283" orientation="1"/>
    <Npc id="526" map="7424" cell="224" orientation="3"/>
    <Npc id="451" map="7424" cell="277" orientation="1"/>
    <Npc id="525" map="7424" cell="284" orientation="7"/>
    <Npc id="535" map="7425" cell="268" orientation="1"/>
    <Npc id="730" map="7426" cell="309" orientation="1"/>
    <Npc id="494" map="7427" cell="180" orientation="1"/>
    <Npc id="983" map="11862" cell="224" orientation="1"/>
    <Npc id="527" map="7415" cell="371" orientation="1"/>
    <Npc id="493" map="7415" cell="163" orientation="1"/>
    <Npc id="536" map="7415" cell="65" orientation="1"/>
    <Npc id="528" map="7415" cell="330" orientation="1"/>
    <Npc id="531" map="7416" cell="294" orientation="1"/>
    <Npc id="471" map="7416" cell="359" orientation="3"/>
    <Npc id="529" map="7416" cell="366" orientation="1"/>
    <Npc id="532" map="7416" cell="293" orientation="1"/>
    <Npc id="530" map="7416" cell="397" orientation="1"/>
    <Npc id="533" map="7416" cell="439" orientation="1"/>
    <Npc id="524" map="7423" cell="179" orientation="1"/>
    <Npc id="605" map="7409" cell="295" orientation="1"/>
    <Npc id="875" map="10285" cell="375" orientation="1"/>
    <Npc id="876" map="10324" cell="277" orientation="1"/>
    <Npc id="846" map="10290" cell="169" orientation="1"/>
    <Npc id="883" map="10333" cell="310" orientation="1"/>
    <Npc id="862" map="10341" cell="52" orientation="1"/>
    <Npc id="878" map="10340" cell="82" orientation="1"/>
    <Npc id="874" map="10349" cell="191" orientation="1"/>
    <Npc id="863" map="10311" cell="244" orientation="3"/>
    <Npc id="880" map="10303" cell="225" orientation="1"/>
    <Npc id="887" map="10304" cell="283" orientation="7"/>
    <Npc id="855" map="10307" cell="251" orientation="3"/>
    <Npc id="847" map="10307" cell="294" orientation="1"/>
    <Npc id="854" map="10358" cell="241" orientation="3"/>
    <Npc id="873" map="10357" cell="309" orientation="1"/>
    <Npc id="865" map="10308" cell="359" orientation="1"/>
    <Npc id="112" map="486" cell="270" orientation="3"/>
    <Npc id="722" map="6159" cell="267" orientation="1"/>
    <Npc id="804" map="6159" cell="110" orientation="1"/>
    <Npc id="100" map="5703" cell="140" orientation="5"/>
    <Npc id="871" map="10280" cell="221" orientation="1"/>
    <Npc id="881" map="10339" cell="386" orientation="1"/>
    <Npc id="879" map="10354" cell="241" orientation="3"/>
    <Npc id="890" map="10354" cell="300" orientation="3"/>
    <Npc id="872" map="10354" cell="228" orientation="3"/>
    <Npc id="889" map="10354" cell="313" orientation="1"/>
    <Npc id="864" map="10355" cell="193" orientation="1"/>
    <Npc id="850" map="10355" cell="243" orientation="3"/>
    <Npc id="483" map="7378" cell="353" orientation="1"/>
    <Npc id="448" map="7394" cell="337" orientation="3"/>
    <Npc id="503" map="7394" cell="230" orientation="3"/>
    <Npc id="1045" map="7410" cell="266" orientation="1"/>
    <Npc id="726" map="7760" cell="207" orientation="1"/>
    <Npc id="599" map="7760" cell="268" orientation="3"/>
    <Npc id="550" map="7443" cell="339" orientation="3"/>
    <Npc id="485" map="7443" cell="128" orientation="1"/>
    <Npc id="540" map="7557" cell="252" orientation="1"/>
    <Npc id="543" map="7557" cell="358" orientation="1"/>
    <Npc id="538" map="7557" cell="194" orientation="1"/>
    <Npc id="505" map="7557" cell="301" orientation="1"/>
    <Npc id="542" map="7557" cell="236" orientation="1"/>
    <Npc id="541" map="7557" cell="235" orientation="1"/>
    <Npc id="616" map="7442" cell="437" orientation="1"/>
    <Npc id="481" map="7442" cell="298" orientation="1"/>
    <Npc id="478" map="7442" cell="62" orientation="1"/>
    <Npc id="489" map="7441" cell="327" orientation="1"/>
    <Npc id="600" map="7614" cell="179" orientation="1"/>
    <Npc id="875" map="10292" cell="393" orientation="1"/>
    <Npc id="876" map="10326" cell="222" orientation="1"/>
    <Npc id="866" map="10287" cell="280" orientation="1"/>
    <Npc id="858" map="10286" cell="269" orientation="1"/>
    <Npc id="882" map="10282" cell="423" orientation="1"/>
    <Npc id="869" map="10282" cell="433" orientation="1"/>
    <Npc id="885" map="10278" cell="156" orientation="1"/>
    <Npc id="861" map="10281" cell="401" orientation="3"/>
    <Npc id="174" map="1856" cell="212" orientation="3"/>
    <Npc id="176" map="2198" cell="167" orientation="1"/>
    <Npc id="575" map="2221" cell="468" orientation="3"/>
    <Npc id="216" map="4079" cell="379" orientation="1"/>
    <Npc id="318" map="4079" cell="300" orientation="1"/>
    <Npc id="223" map="4079" cell="523" orientation="1"/>
    <Npc id="190" map="4079" cell="303" orientation="3"/>
    <Npc id="567" map="4098" cell="595" orientation="1"/>
    <Npc id="199" map="4172" cell="548" orientation="1"/>
    <Npc id="571" map="4172" cell="469" orientation="1"/>
    <Npc id="569" map="4174" cell="397" orientation="3"/>
    <Npc id="578" map="4178" cell="602" orientation="3"/>
    <Npc id="298" map="4183" cell="375" orientation="1"/>
    <Npc id="573" map="4183" cell="561" orientation="3"/>
    <Npc id="291" map="4183" cell="133" orientation="1"/>
    <Npc id="210" map="4211" cell="335" orientation="1"/>
    <Npc id="964" map="4214" cell="492" orientation="1"/>
    <Npc id="572" map="4216" cell="432" orientation="1"/>
    <Npc id="220" map="4232" cell="600" orientation="1"/>
    <Npc id="720" map="4232" cell="455" orientation="1"/>
    <Npc id="1091" map="4236" cell="493" orientation="5"/>
    <Npc id="221" map="4236" cell="474" orientation="1"/>
    <Npc id="574" map="4262" cell="522" orientation="1"/>
    <Npc id="215" map="4263" cell="435" orientation="7"/>
    <Npc id="570" map="4271" cell="477" orientation="3"/>
    <Npc id="580" map="4287" cell="639" orientation="3"/>
    <Npc id="576" map="4299" cell="638" orientation="3"/>
    <Npc id="189" map="4299" cell="269" orientation="3"/>
    <Npc id="186" map="4337" cell="544" orientation="3"/>
    <Npc id="192" map="4337" cell="69" orientation="1"/>
    <Npc id="187" map="4337" cell="582" orientation="3"/>
    <Npc id="938" map="4739" cell="167" orientation="1"/>
    <Npc id="978" map="4739" cell="153" orientation="1"/>
    <Npc id="1109" map="6064" cell="269" orientation="3"/>
    <Npc id="194" map="6064" cell="209" orientation="7"/>
    <Npc id="292" map="6064" cell="146" orientation="1"/>
    <Npc id="1108" map="6064" cell="230" orientation="1"/>
    <Npc id="185" map="6064" cell="196" orientation="1"/>
    <Npc id="307" map="6064" cell="189" orientation="1"/>
    <Npc id="180" map="6158" cell="221" orientation="1"/>
    <Npc id="1121" map="6158" cell="199" orientation="3"/>
    <Npc id="336" map="6160" cell="179" orientation="1"/>
    <Npc id="319" map="6161" cell="164" orientation="1"/>
    <Npc id="184" map="6162" cell="211" orientation="3"/>
    <Npc id="330" map="6164" cell="184" orientation="1"/>
    <Npc id="504" map="7289" cell="387" orientation="1"/>
    <Npc id="554" map="7289" cell="295" orientation="3"/>
    <Npc id="808" map="7314" cell="178" orientation="1"/>
    <Npc id="604" map="7329" cell="223" orientation="3"/>
    <Npc id="534" map="7329" cell="239" orientation="1"/>
    <Npc id="603" map="7329" cell="310" orientation="1"/>
    <Npc id="473" map="7332" cell="240" orientation="1"/>
    <Npc id="734" map="7334" cell="297" orientation="1"/>
    <Npc id="525" map="7336" cell="427" orientation="3"/>
    <Npc id="603" map="7336" cell="365" orientation="3"/>
    <Npc id="609" map="7336" cell="182" orientation="1"/>
    <Npc id="615" map="7346" cell="339" orientation="1"/>
    <Npc id="562" map="7348" cell="283" orientation="1"/>
    <Npc id="563" map="7350" cell="222" orientation="3"/>
    <Npc id="479" map="7361" cell="212" orientation="1"/>
    <Npc id="747" map="7363" cell="410" orientation="1"/>
    <Npc id="725" map="7364" cell="339" orientation="1"/>
    <Npc id="594" map="7365" cell="79" orientation="3"/>
    <Npc id="810" map="7366" cell="386" orientation="1"/>
    <Npc id="545" map="7367" cell="197" orientation="1"/>
    <Npc id="735" map="7368" cell="179" orientation="1"/>
    <Npc id="490" map="7369" cell="0" orientation="7"/>
    <Npc id="549" map="7369" cell="14" orientation="3"/>
    <Npc id="614" map="7379" cell="366" orientation="1"/>
    <Npc id="480" map="7381" cell="126" orientation="1"/>
    <Npc id="564" map="7388" cell="196" orientation="1"/>
    <Npc id="468" map="7391" cell="340" orientation="1"/>
    <Npc id="496" map="7395" cell="355" orientation="1"/>
    <Npc id="492" map="7396" cell="206" orientation="1"/>
    <Npc id="449" map="7396" cell="385" orientation="1"/>
    <Npc id="166" map="2053" cell="238" orientation="1"/>
    <Npc id="487" map="7397" cell="401" orientation="1"/>
    <Npc id="1042" map="7397" cell="258" orientation="1"/>
    <Npc id="551" map="7397" cell="264" orientation="3"/>
    <Npc id="471" map="7398" cell="316" orientation="1"/>
    <Npc id="807" map="7412" cell="216" orientation="3"/>
    <Npc id="474" map="7412" cell="386" orientation="1"/>
    <Npc id="546" map="7413" cell="271" orientation="3"/>
    <Npc id="693" map="7440" cell="281" orientation="1"/>
    <Npc id="495" map="7446" cell="386" orientation="1"/>
    <Npc id="780" map="7453" cell="187" orientation="3"/>
    <Npc id="527" map="7459" cell="252" orientation="1"/>
    <Npc id="526" map="7459" cell="353" orientation="1"/>
    <Npc id="806" map="7461" cell="243" orientation="3"/>
    <Npc id="457" map="7462" cell="251" orientation="1"/>
    <Npc id="458" map="7462" cell="372" orientation="1"/>
    <Npc id="559" map="7501" cell="300" orientation="3"/>
    <Npc id="561" map="7510" cell="300" orientation="3"/>
    <Npc id="482" map="7511" cell="270" orientation="3"/>
    <Npc id="547" map="7511" cell="300" orientation="3"/>
    <Npc id="548" map="7512" cell="300" orientation="3"/>
    <Npc id="560" map="7513" cell="300" orientation="3"/>
    <Npc id="555" map="7514" cell="300" orientation="3"/>
    <Npc id="553" map="7515" cell="300" orientation="3"/>
    <Npc id="557" map="7516" cell="300" orientation="3"/>
    <Npc id="486" map="7516" cell="285" orientation="1"/>
    <Npc id="502" map="7529" cell="178" orientation="1"/>
    <Npc id="462" map="7544" cell="209" orientation="1"/>
    <Npc id="497" map="7545" cell="314" orientation="1"/>
    <Npc id="463" map="7546" cell="256" orientation="1"/>
    <Npc id="467" map="7548" cell="223" orientation="1"/>
    <Npc id="522" map="7549" cell="256" orientation="1"/>
    <Npc id="520" map="7549" cell="197" orientation="1"/>
    <Npc id="452" map="7550" cell="326" orientation="1"/>
    <Npc id="453" map="7550" cell="270" orientation="1"/>
    <Npc id="477" map="7551" cell="282" orientation="5"/>
    <Npc id="454" map="7553" cell="268" orientation="1"/>
    <Npc id="455" map="7555" cell="268" orientation="1"/>
    <Npc id="465" map="7573" cell="234" orientation="1"/>
    <Npc id="450" map="7573" cell="241" orientation="1"/>
    <Npc id="464" map="7573" cell="176" orientation="1"/>
    <Npc id="729" map="7573" cell="384" orientation="1"/>
    <Npc id="602" map="7576" cell="154" orientation="3"/>
    <Npc id="472" map="7581" cell="224" orientation="1"/>
    <Npc id="601" map="7584" cell="266" orientation="1"/>
    <Npc id="577" map="7596" cell="193" orientation="1"/>
    <Npc id="596" map="7599" cell="265" orientation="1"/>
    <Npc id="727" map="7601" cell="295" orientation="1"/>
    <Npc id="606" map="7601" cell="251" orientation="1"/>
    <Npc id="170" map="1405" cell="241" orientation="1"/>
    <Npc id="552" map="7602" cell="300" orientation="3"/>
    <Npc id="470" map="7606" cell="151" orientation="1"/>
    <Npc id="558" map="7613" cell="268" orientation="1"/>
    <Npc id="738" map="7806" cell="109" orientation="1"/>
    <Npc id="751" map="7806" cell="398" orientation="3"/>
    <Npc id="750" map="7806" cell="412" orientation="3"/>
    <Npc id="736" map="7806" cell="454" orientation="7"/>
    <Npc id="749" map="7806" cell="426" orientation="3"/>
    <Npc id="627" map="8024" cell="385" orientation="1"/>
    <Npc id="628" map="8024" cell="400" orientation="5"/>
    <Npc id="797" map="8721" cell="96" orientation="3"/>
    <Npc id="765" map="8736" cell="270" orientation="3"/>
    <Npc id="1100" map="8759" cell="748" orientation="3"/>
    <Npc id="714" map="8759" cell="735" orientation="3"/>
    <Npc id="716" map="8760" cell="501" orientation="1"/>
    <Npc id="797" map="9127" cell="221" orientation="1"/>
    <Npc id="771" map="8779" cell="285" orientation="1"/>
    <Npc id="89" map="1559" cell="142" orientation="1"/>
    <Npc id="755" map="9717" cell="211" orientation="7"/>
    <Npc id="645" map="8362" cell="284" orientation="3"/>
    <Npc id="695" map="10129" cell="279" orientation="1"/>
    <Npc id="37" map="741" cell="217" orientation="1"/>
    <Npc id="79" map="754" cell="156" orientation="1"/>
    <Npc id="698" map="10129" cell="166" orientation="1"/>
    <Npc id="798" map="10155" cell="195" orientation="3"/>
    <Npc id="100" map="10214" cell="210" orientation="5"/>
    <Npc id="100" map="10215" cell="227" orientation="1"/>
    <Npc id="875" map="10276" cell="375" orientation="1"/>
    <Npc id="867" map="10277" cell="210" orientation="1"/>
    <Npc id="875" map="10283" cell="407" orientation="1"/>
    <Npc id="875" map="10299" cell="452" orientation="1"/>
    <Npc id="876" map="10305" cell="277" orientation="1"/>
    <Npc id="876" map="10322" cell="222" orientation="1"/>
    <Npc id="876" map="10329" cell="331" orientation="1"/>
    <Npc id="843" map="10295" cell="427" orientation="1"/>
    <Npc id="886" map="10352" cell="255" orientation="1"/>
    <Npc id="1098" map="12055" cell="343" orientation="5"/>
    <Npc id="177" map="2084" cell="255" orientation="3"/>
    <Npc id="875" map="10294" cell="461" orientation="1"/>
    <Npc id="876" map="10327" cell="277" orientation="1"/>
    <Npc id="289" map="5334" cell="443" orientation="3"/>
    <Npc id="282" map="5332" cell="251" orientation="1"/>
    <Npc id="100" map="10216" cell="212" orientation="3"/>
    <Npc id="100" map="6149" cell="212" orientation="3"/>
    <Npc id="100" map="10217" cell="287" orientation="3"/>
    <Npc id="815" map="4409" cell="176" orientation="1"/>
    <Npc id="925" map="9402" cell="272" orientation="1"/>
    <Npc id="925" map="10417" cell="283" orientation="1"/>
    <Npc id="925" map="11101" cell="311" orientation="1"/>
    <Npc id="925" map="10437" cell="248" orientation="1"/>
    <Npc id="926" map="10523" cell="190" orientation="1"/>
    <Npc id="931" map="10519" cell="359" orientation="1"/>
    <Npc id="929" map="10622" cell="396" orientation="1"/>
    <Npc id="169" map="1191" cell="209" orientation="1"/>
    <Npc id="383" map="1246" cell="388" orientation="3"/>
    <Npc id="383" map="1669" cell="440" orientation="1"/>
    <Npc id="834" map="1666" cell="180" orientation="1"/>
    <Npc id="383" map="6850" cell="473" orientation="1"/>
    <Npc id="387" map="6849" cell="431" orientation="1"/>
    <Npc id="380" map="6858" cell="237" orientation="1"/>
    <Npc id="386" map="6854" cell="271" orientation="1"/>
    <Npc id="388" map="6860" cell="397" orientation="1"/>
    <Npc id="389" map="6852" cell="156" orientation="3"/>
    <Npc id="386" map="6841" cell="266" orientation="1"/>
    <Npc id="379" map="6842" cell="63" orientation="1"/>
    <Npc id="297" map="1140" cell="355" orientation="1"/>
    <Npc id="209" map="1140" cell="354" orientation="1"/>
    <Npc id="38" map="753" cell="238" orientation="1"/>
    <Npc id="434" map="1549" cell="285" orientation="3"/>
    <Npc id="132" map="1279" cell="297" orientation="3"/>
    <Npc id="781" map="1298" cell="134" orientation="1"/>
    <Npc id="936" map="10476" cell="398" orientation="3"/>
    <Npc id="702" map="7771" cell="216" orientation="1"/>
    <Npc id="78" map="32" cell="313" orientation="1"/>
    <Npc id="168" map="708" cell="223" orientation="1"/>
    <Npc id="173" map="705" cell="177" orientation="1"/>
    <Npc id="334" map="34" cell="256" orientation="3"/>
    <Npc id="123" map="44" cell="205" orientation="1"/>
    <Npc id="819" map="9454" cell="133" orientation="1"/>
    <Npc id="820" map="9454" cell="367" orientation="1"/>
    <Npc id="824" map="37" cell="358" orientation="1"/>
    <Npc id="178" map="37" cell="223" orientation="1"/>
    <Npc id="343" map="4864" cell="326" orientation="1"/>
    <Npc id="733" map="8601" cell="249" orientation="1"/>
    <Npc id="613" map="7763" cell="370" orientation="5"/>
    <Npc id="1054" map="9459" cell="331" orientation="3"/>
    <Npc id="732" map="8534" cell="280" orientation="1"/>
    <Npc id="583" map="4618" cell="381" orientation="3"/>
    <Npc id="699" map="8482" cell="166" orientation="1"/>
    <Npc id="694" map="8482" cell="279" orientation="1"/>
    <Npc id="279" map="5330" cell="631" orientation="1"/>
    <Npc id="366" map="5326" cell="700" orientation="1"/>
    <Npc id="261" map="5326" cell="595" orientation="1"/>
    <Npc id="582" map="5311" cell="544" orientation="3"/>
    <Npc id="264" map="4935" cell="528" orientation="3"/>
    <Npc id="251" map="4690" cell="423" orientation="1"/>
    <Npc id="254" map="4637" cell="436" orientation="7"/>
    <Npc id="589" map="4630" cell="453" orientation="3"/>
    <Npc id="590" map="4629" cell="656" orientation="3"/>
    <Npc id="246" map="4602" cell="171" orientation="1"/>
    <Npc id="285" map="4584" cell="345" orientation="1"/>
    <Npc id="255" map="4605" cell="490" orientation="1"/>
    <Npc id="42" map="750" cell="183" orientation="3"/>
    <Npc id="719" map="8756" cell="348" orientation="3"/>
    <Npc id="593" map="4615" cell="342" orientation="1"/>
    <Npc id="265" map="4592" cell="101" orientation="1"/>
    <Npc id="592" map="4595" cell="654" orientation="3"/>
    <Npc id="237" map="4582" cell="347" orientation="3"/>
    <Npc id="313" map="4582" cell="366" orientation="1"/>
    <Npc id="245" map="4551" cell="715" orientation="1"/>
    <Npc id="280" map="4551" cell="652" orientation="1"/>
    <Npc id="584" map="4607" cell="396" orientation="1"/>
    <Npc id="269" map="4930" cell="183" orientation="3"/>
    <Npc id="586" map="4622" cell="418" orientation="1"/>
    <Npc id="284" map="5133" cell="231" orientation="3"/>
    <Npc id="587" map="4562" cell="209" orientation="1"/>
    <Npc id="585" map="4588" cell="595" orientation="1"/>
    <Npc id="283" map="4588" cell="578" orientation="1"/>
    <Npc id="258" map="5108" cell="382" orientation="3"/>
    <Npc id="268" map="4639" cell="582" orientation="3"/>
    <Npc id="267" map="4639" cell="581" orientation="1"/>
    <Npc id="802" map="4635" cell="281" orientation="1"/>
    <Npc id="230" map="4635" cell="88" orientation="3"/>
    <Npc id="588" map="4646" cell="564" orientation="3"/>
    <Npc id="281" map="4603" cell="108" orientation="3"/>
    <Npc id="253" map="4600" cell="300" orientation="3"/>
    <Npc id="409" map="4624" cell="509" orientation="1"/>
    <Npc id="721" map="4627" cell="154" orientation="1"/>
    <Npc id="154" map="437" cell="401" orientation="3"/>
    <Npc id="157" map="436" cell="179" orientation="1"/>
    <Npc id="151" map="425" cell="63" orientation="3"/>
    <Npc id="383" map="1116" cell="312" orientation="1"/>
    <Npc id="798" map="10165" cell="358" orientation="5"/>
    <Npc id="383" map="9550" cell="430" orientation="3"/>
    <Npc id="783" map="9538" cell="155" orientation="3"/>
    <Npc id="770" map="9541" cell="392" orientation="1"/>
    <Npc id="383" map="8223" cell="398" orientation="1"/>
    <Npc id="490" map="7305" cell="214" orientation="1"/>
    <Npc id="711" map="1907" cell="228" orientation="3"/>
    <Npc id="272" map="1888" cell="279" orientation="3"/>
    <Npc id="100" map="10371" cell="311" orientation="1"/>
    <Npc id="945" map="11260" cell="278" orientation="1"/>
    <Npc id="945" map="11517" cell="255" orientation="1"/>
    <Npc id="715" map="8753" cell="459" orientation="3"/>
    <Npc id="784" map="9397" cell="75" orientation="1"/>
    <Npc id="784" map="9396" cell="355" orientation="3"/>
    <Npc id="784" map="9379" cell="236" orientation="1"/>
    <Npc id="784" map="9372" cell="137" orientation="1"/>
    <Npc id="784" map="9390" cell="327" orientation="1"/>
    <Npc id="784" map="9386" cell="137" orientation="1"/>
    <Npc id="784" map="9376" cell="250" orientation="1"/>
    <Npc id="784" map="9381" cell="310" orientation="1"/>
    <Npc id="784" map="9392" cell="223" orientation="1"/>
    <Npc id="784" map="9389" cell="250" orientation="1"/>
    <Npc id="784" map="9393" cell="213" orientation="1"/>
    <Npc id="784" map="9371" cell="221" orientation="3"/>
    <Npc id="784" map="9385" cell="283" orientation="1"/>
    <Npc id="784" map="9384" cell="254" orientation="1"/>
    18:49:51 [Thread-2] o.g.database.entity.EntityFactory - Successfully load 200 experiences data
    18:49:51 [Thread-7] o.g.database.entity.EntityFactory - Successfully load 133 panoply
    18:49:51 [Thread-5] o.g.database.entity.EntityFactory - Successfully load 772 npc templates
    18:49:51 [Thread-4] o.g.database.entity.EntityFactory - Successfully load 5111 npc answers
    <Npc id="784" map="9378" cell="250" orientation="1"/>
    <Npc id="784" map="9383" cell="294" orientation="1"/>
    <Npc id="784" map="9387" cell="240" orientation="1"/>
    <Npc id="784" map="9395" cell="223" orientation="1"/>
    <Npc id="396" map="6863" cell="266" orientation="1"/>
    <Npc id="402" map="3376" cell="156" orientation="3"/>
    <Npc id="419" map="3376" cell="351" orientation="1"/>
    <Npc id="401" map="3337" cell="185" orientation="3"/>
    <Npc id="398" map="3298" cell="184" orientation="3"/>
    <Npc id="407" map="3297" cell="395" orientation="1"/>
    <Npc id="408" map="3336" cell="198" orientation="3"/>
    <Npc id="397" map="3375" cell="229" orientation="3"/>
    <Npc id="417" map="3415" cell="244" orientation="1"/>
    <Npc id="403" map="3454" cell="282" orientation="3"/>
    <Npc id="412" map="6896" cell="258" orientation="1"/>
    <Npc id="413" map="6896" cell="415" orientation="1"/>
    <Npc id="411" map="6896" cell="311" orientation="1"/>
    <Npc id="414" map="6898" cell="395" orientation="1"/>
    <Npc id="395" map="3453" cell="327" orientation="3"/>
    <Npc id="399" map="3452" cell="167" orientation="3"/>
    <Npc id="394" map="3413" cell="296" orientation="3"/>
    <Npc id="420" map="3374" cell="311" orientation="3"/>
    <Npc id="404" map="3374" cell="235" orientation="3"/>
    <Npc id="400" map="3335" cell="213" orientation="3"/>
    <Npc id="421" map="3296" cell="168" orientation="1"/>
    <Npc id="410" map="3334" cell="199" orientation="3"/>
    <Npc id="608" map="3373" cell="212" orientation="3"/>
    <Npc id="415" map="3373" cell="372" orientation="1"/>
    <Npc id="1221" map="3412" cell="240" orientation="3"/>
    <Npc id="416" map="3451" cell="323" orientation="1"/>
    <Npc id="405" map="6875" cell="268" orientation="3"/>
    <Npc id="406" map="6869" cell="364" orientation="1"/>
    <Npc id="197" map="3416" cell="126" orientation="3"/>
    <Npc id="783" map="9877" cell="137" orientation="7"/>
    <Npc id="363" map="1418" cell="267" orientation="7"/>
    <Npc id="129" map="1374" cell="309" orientation="1"/>
    <Npc id="789" map="7858" cell="342" orientation="1"/>
    <Npc id="800" map="6738" cell="199" orientation="3"/>
    <Npc id="242" map="6167" cell="182" orientation="1"/>
    <Npc id="723" map="6167" cell="220" orientation="1"/>
    <Npc id="440" map="1470" cell="146" orientation="3"/>
    <Npc id="647" map="8045" cell="352" orientation="1"/>
    <Npc id="1165" map="8244" cell="124" orientation="3"/>
    <Npc id="1041" map="10255" cell="197" orientation="3"/>
    <Npc id="1111" map="10255" cell="324" orientation="1"/>
    <Npc id="1162" map="1130" cell="208" orientation="1"/>
    <Npc id="45" map="748" cell="192" orientation="1"/>
    <Npc id="428" map="6926" cell="135" orientation="1"/>
    <Npc id="441" map="6926" cell="184" orientation="1"/>
    <Npc id="886" map="10359" cell="213" orientation="3"/>
    <Npc id="886" map="10364" cell="170" orientation="3"/>
    <Npc id="1127" map="6168" cell="330" orientation="3"/>
    <Npc id="100" map="8366" cell="281" orientation="5"/>
    <Npc id="100" map="1674" cell="286" orientation="3"/>
    <Npc id="800" map="10199" cell="169" orientation="3"/>
    <Npc id="760" map="8978" cell="238" orientation="3"/>
    <Npc id="799" map="6536" cell="259" orientation="3"/>
    <Npc id="763" map="8978" cell="279" orientation="3"/>
    <Npc id="943" map="10509" cell="281" orientation="3"/>
    <Npc id="9430" map="10813" cell="342" orientation="7"/>
    <Npc id="52" map="1053" cell="253" orientation="1"/>
    <Npc id="775" map="9470" cell="184" orientation="3"/>
    <Npc id="776" map="9767" cell="281" orientation="5"/>
    <Npc id="163" map="2019" cell="283" orientation="3"/>
    <Npc id="2009" map="6171" cell="315" orientation="3"/>
    <Npc id="2009" map="6164" cell="211" orientation="1"/>
    <Npc id="621" map="8177" cell="211" orientation="3"/>
    <Npc id="134" map="167" cell="216" orientation="1"/>
    <Npc id="100" map="1674" cell="226" orientation="3"/>
    <Npc id="1034" map="11891" cell="344" orientation="3"/>
    <Npc id="1034" map="11878" cell="85" orientation="3"/>
    <Npc id="1034" map="11886" cell="191" orientation="1"/>
    <Npc id="1223" map="10354" cell="267" orientation="1"/>
    <Npc id="136" map="833" cell="182" orientation="1"/>
    <Npc id="153" map="1014" cell="222" orientation="1"/>
    <Npc id="100" map="1674" cell="166" orientation="3"/>
    <Npc id="100" map="8366" cell="310" orientation="3"/>
    <Npc id="100" map="8366" cell="311" orientation="1"/>
    <Npc id="2017" map="7855" cell="353" orientation="3"/>
    <Npc id="682" map="8195" cell="273" orientation="3"/>
    <Npc id="47" map="724" cell="167" orientation="3"/>
    <Npc id="770" map="9520" cell="267" orientation="1"/>
    <Npc id="143" map="829" cell="124" orientation="1"/>
    <Npc id="384" map="2062" cell="254" orientation="3"/>
    <Npc id="61" map="744" cell="191" orientation="1"/>
    <Npc id="41" map="725" cell="167" orientation="1"/>
    <Npc id="43" map="731" cell="193" orientation="1"/>
    <Npc id="46" map="752" cell="297" orientation="1"/>
    <Npc id="175" map="2119" cell="223" orientation="7"/>
    <Npc id="137" map="1780" cell="227" orientation="5"/>
    <Npc id="2031" map="7573" cell="186" orientation="3"/>
    <Npc id="2004" map="7573" cell="216" orientation="3"/>
    <Npc id="644" map="8489" cell="284" orientation="3"/>
    <Npc id="712" map="4786" cell="286" orientation="3"/>
    <Npc id="779" map="9787" cell="168" orientation="1"/>
    <Npc id="777" map="1384" cell="338" orientation="1"/>
    <Npc id="778" map="9527" cell="214" orientation="1"/>
    <Npc id="754" map="8905" cell="198" orientation="1"/>
    <Npc id="701" map="8351" cell="139" orientation="3"/>
    <Npc id="88" map="625" cell="306" orientation="1"/>
    <Npc id="376" map="6823" cell="241" orientation="7"/>
    <Npc id="374" map="6823" cell="197" orientation="1"/>
    <Npc id="375" map="6823" cell="184" orientation="3"/>
    <Npc id="377" map="6823" cell="228" orientation="5"/>
    <Npc id="149" map="1795" cell="296" orientation="3"/>
    <Npc id="147" map="1781" cell="213" orientation="3"/>
    <Npc id="756" map="9717" cell="265" orientation="3"/>
    <Npc id="155" map="1714" cell="276" orientation="1"/>
    <Npc id="159" map="1764" cell="442" orientation="3"/>
    <Npc id="156" map="1838" cell="212" orientation="3"/>
    <Npc id="162" map="1844" cell="252" orientation="1"/>
    <Npc id="160" map="1842" cell="210" orientation="1"/>
    <Npc id="444" map="1701" cell="296" orientation="1"/>
    <Npc id="161" map="1840" cell="240" orientation="3"/>
    <Npc id="1036" map="11927" cell="330" orientation="3"/>
    <Npc id="772" map="749" cell="262" orientation="1"/>
    <Npc id="709" map="8467" cell="213" orientation="3"/>
    <Npc id="706" map="8167" cell="267" orientation="3"/>
    <Npc id="707" map="8236" cell="356" orientation="3"/>
    <Npc id="774" map="2985" cell="293" orientation="1"/>
    <Npc id="942" map="11066" cell="307" orientation="1"/>
    <Npc id="758" map="9503" cell="343" orientation="3"/>
    <Npc id="941" map="10722" cell="301" orientation="3"/>
    <Npc id="797" map="9120" cell="308" orientation="7"/>
    <Npc id="797" map="9123" cell="269" orientation="1"/>
    <Npc id="797" map="9126" cell="151" orientation="1"/>
    <Npc id="708" map="8317" cell="254" orientation="1"/>
    <Npc id="799" map="10213" cell="64" orientation="3"/>
    <Npc id="818" map="9638" cell="117" orientation="1"/>
    <Npc id="705" map="8497" cell="237" orientation="1"/>
    <Npc id="710" map="8349" cell="112" orientation="3"/>
    <Npc id="443" map="6949" cell="195" orientation="1"/>
    <Npc id="439" map="1558" cell="223" orientation="1"/>
    <Npc id="100" map="10370" cell="286" orientation="3"/>
    <Npc id="100" map="10370" cell="181" orientation="3"/>
    <Npc id="438" map="1544" cell="244" orientation="1"/>
    <Npc id="437" map="1469" cell="190" orientation="7"/>
    <Npc id="442" map="1466" cell="183" orientation="3"/>
    <Npc id="672" map="8490" cell="269" orientation="3"/>
    <Npc id="435" map="6928" cell="300" orientation="3"/>
    <Npc id="436" map="1546" cell="181" orientation="1"/>
    <Npc id="433" map="1554" cell="192" orientation="1"/>
    <Npc id="875" map="6824" cell="271" orientation="3"/>
    <Npc id="169" map="945" cell="99" orientation="3"/>
    <Npc id="1037" map="7396" cell="253" orientation="1"/>
    <Npc id="300" map="6143" cell="121" orientation="3"/>
    <Npc id="622" map="7989" cell="196" orientation="3"/>
    <Npc id="665" map="7989" cell="269" orientation="5"/>
    <Npc id="875" map="10300" cell="404" orientation="3"/>
    <Npc id="875" map="10284" cell="262" orientation="1"/>
    <Npc id="875" map="10289" cell="390" orientation="3"/>
    <Npc id="875" map="10279" cell="423" orientation="1"/>
    <Npc id="875" map="10296" cell="364" orientation="1"/>
    <Npc id="875" map="10298" cell="364" orientation="1"/>
    <Npc id="876" map="10331" cell="236" orientation="1"/>
    <Npc id="876" map="10325" cell="277" orientation="1"/>
    <Npc id="876" map="10321" cell="277" orientation="1"/>
    <Npc id="876" map="10328" cell="277" orientation="1"/>
    <Npc id="678" map="8039" cell="80" orientation="3"/>
    <Npc id="876" map="10330" cell="222" orientation="1"/>
    <Npc id="811" map="7429" cell="369" orientation="3"/>
    <Npc id="602" map="7577" cell="154" orientation="3"/>
    <Npc id="125" map="496" cell="237" orientation="1"/>
    <Npc id="124" map="542" cell="135" orientation="1"/>
    <Npc id="753" map="9716" cell="244" orientation="3"/>
    <Npc id="748" map="9052" cell="254" orientation="3"/>
    <Npc id="928" map="11104" cell="270" orientation="1"/>
    <Npc id="3000" map="9946" cell="298" orientation="1"/>
    <Npc id="101" map="657" cell="280" orientation="1"/>
    <Npc id="106" map="482" cell="223" orientation="1"/>
    <Npc id="110" map="48" cell="367" orientation="1"/>
    <Npc id="109" map="50" cell="192" orientation="1"/>
    <Npc id="107" map="30" cell="296" orientation="1"/>
    <Npc id="104" map="42" cell="198" orientation="1"/>
    <Npc id="108" map="35" cell="329" orientation="3"/>
    <Npc id="111" map="714" cell="283" orientation="1"/>
    <Npc id="118" map="165" cell="242" orientation="1"/>
    <Npc id="122" map="40" cell="403" orientation="3"/>
    <Npc id="121" map="531" cell="195" orientation="1"/>
    <Npc id="117" map="537" cell="238" orientation="1"/>
    <Npc id="113" map="251" cell="272" orientation="3"/>
    <Npc id="114" map="216" cell="342" orientation="1"/>
    <Npc id="115" map="38" cell="415" orientation="3"/>
    <Npc id="797" map="8715" cell="258" orientation="3"/>
    <Npc id="797" map="8719" cell="207" orientation="1"/>
    <Npc id="941" map="11234" cell="313" orientation="1"/>
    <Npc id="783" map="9881" cell="244" orientation="3"/>
    <Npc id="797" map="10235" cell="110" orientation="1"/>
    <Npc id="9420" map="11069" cell="193" orientation="1"/>
    <Npc id="11940" map="11940" cell="398" orientation="3"/>
    <Npc id="757" map="9248" cell="385" orientation="1"/>
    <Npc id="759" map="8973" cell="389" orientation="3"/>
    <Npc id="884" map="10332" cell="387" orientation="1"/>
    <Npc id="183" map="6167" cell="169" orientation="3"/>
    <Npc id="59" map="1076" cell="256" orientation="1"/>
    <Npc id="17563" map="9979" cell="288" orientation="3"/>
    <Npc id="946" map="11136" cell="265" orientation="1"/>
    <Npc id="9460" map="11192" cell="310" orientation="3"/>
    <Npc id="774" map="9604" cell="379" orientation="1"/>
    <Npc id="718" map="8757" cell="669" orientation="1"/>
    <Npc id="429" map="1553" cell="179" orientation="1"/>
    <Npc id="201" map="4223" cell="600" orientation="3"/>
    <Npc id="236" map="6139" cell="253" orientation="3"/>
    <Npc id="314" map="6139" cell="284" orientation="3"/>
    <Npc id="1055" map="9862" cell="410" orientation="3"/>
    <Npc id="100" map="10903" cell="224" orientation="3"/>
    <Npc id="100" map="10903" cell="195" orientation="5"/>
    <Npc id="100" map="10903" cell="196" orientation="7"/>
    <Npc id="100" map="10903" cell="225" orientation="1"/>
    <Npc id="100" map="10902" cell="224" orientation="5"/>
    <Npc id="100" map="10902" cell="225" orientation="7"/>
    <Npc id="100" map="10902" cell="253" orientation="3"/>
    <Npc id="100" map="10902" cell="254" orientation="1"/>
    <Npc id="146" map="1779" cell="224" orientation="3"/>
    <Npc id="830" map="1578" cell="130" orientation="1"/>
    <Npc id="830" map="1100" cell="194" orientation="1"/>
    <Npc id="830" map="6015" cell="166" orientation="3"/>
    <Npc id="830" map="1015" cell="165" orientation="1"/>
    <Npc id="830" map="1010" cell="141" orientation="1"/>
    <Npc id="830" map="7603" cell="152" orientation="3"/>
    <Npc id="830" map="10256" cell="212" orientation="1"/>
    <Npc id="830" map="10257" cell="212" orientation="1"/>
    <Npc id="568" map="4179" cell="521" orientation="3"/>
    <Npc id="591" map="5112" cell="678" orientation="3"/>
    <Npc id="830" map="1052" cell="241" orientation="3"/>
    <Npc id="581" map="5317" cell="431" orientation="1"/>
    <Npc id="717" map="8754" cell="340" orientation="1"/>
    <Npc id="774" map="9590" cell="205" orientation="1"/>
    <Npc id="774" map="9723" cell="201" orientation="3"/>
    <Npc id="774" map="9603" cell="201" orientation="3"/>
    <Npc id="983" map="11866" cell="345" orientation="3"/>
    <Npc id="925" map="10836" cell="342" orientation="1"/>
    <Npc id="797" map="10154" cell="128" orientation="3"/>
    <Npc id="167" map="578" cell="324" orientation="3"/>
    <Npc id="144" map="804" cell="97" orientation="1"/>
    <Npc id="141" map="863" cell="129" orientation="1"/>
    <Npc id="119" map="713" cell="225" orientation="1"/>
    <Npc id="484" map="7377" cell="339" orientation="1"/>
    <Npc id="597" map="7616" cell="325" orientation="1"/>
    <Npc id="579" map="4247" cell="633" orientation="1"/>
    <Npc id="784" map="9394" cell="223" orientation="1"/>
    <Npc id="784" map="9374" cell="223" orientation="1"/>
    <Npc id="784" map="9373" cell="255" orientation="1"/>
    <Npc id="784" map="9375" cell="250" orientation="1"/>
    <Npc id="784" map="9380" cell="254" orientation="1"/>
    <Npc id="784" map="9391" cell="223" orientation="1"/>
    <Npc id="784" map="9382" cell="294" orientation="1"/>
    <Npc id="784" map="9388" cell="255" orientation="1"/>
    <Npc id="784" map="9377" cell="250" orientation="1"/>
    <Npc id="783" map="9876" cell="289" orientation="3"/>
    <Npc id="783" map="9566" cell="222" orientation="1"/>
    <Npc id="783" map="9553" cell="269" orientation="1"/>
    <Npc id="783" map="9554" cell="240" orientation="1"/>
    <Npc id="783" map="9555" cell="211" orientation="1"/>
    <Npc id="783" map="9556" cell="267" orientation="1"/>
    <Npc id="783" map="9557" cell="195" orientation="1"/>
    <Npc id="783" map="9558" cell="152" orientation="1"/>
    <Npc id="783" map="9559" cell="167" orientation="1"/>
    <Npc id="783" map="9560" cell="193" orientation="1"/>
    <Npc id="783" map="9561" cell="196" orientation="1"/>
    <Npc id="783" map="9562" cell="198" orientation="1"/>
    <Npc id="783" map="9563" cell="124" orientation="1"/>
    <Npc id="783" map="9564" cell="212" orientation="1"/>
    <Npc id="783" map="9565" cell="227" orientation="1"/>
    <Npc id="783" map="9567" cell="222" orientation="1"/>
    <Npc id="783" map="9568" cell="180" orientation="1"/>
    <Npc id="783" map="9569" cell="212" orientation="1"/>
    <Npc id="783" map="9570" cell="207" orientation="1"/>
    <Npc id="783" map="9571" cell="196" orientation="1"/>
    <Npc id="783" map="9572" cell="179" orientation="1"/>
    <Npc id="783" map="9573" cell="209" orientation="1"/>
    <Npc id="783" map="9574" cell="194" orientation="1"/>
    <Npc id="783" map="9575" cell="166" orientation="1"/>
    <Npc id="783" map="9576" cell="179" orientation="1"/>
    <Npc id="783" map="9577" cell="222" orientation="1"/>
    <Npc id="53" map="524" cell="148" orientation="1"/>
    <Npc id="51" map="900" cell="231" orientation="1"/>
    <Npc id="239" map="646" cell="283" orientation="1"/>
    <Npc id="766" map="8737" cell="270" orientation="3"/>
</Npcs>