<Zaaps>
    <zaap map="935" cell="295" />
    <zaap map="528" cell="156" />
    <zaap map="9454" cell="268" />
    <zaap map="951" cell="126" />
    <zaap map="1242" cell="323" />
    <zaap map="164" cell="193" />
    <zaap map="1158" cell="340" />
    <zaap map="8037" cell="249" />
    <zaap map="8437" cell="310" />
    <zaap map="8088" cell="223" />
    <zaap map="8125" cell="358" />
    <zaap map="8163" cell="207" />
    <zaap map="10643" cell="269" />
    <zaap map="11170" cell="326" />
    <zaap map="1841" cell="150" />
    <zaap map="844" cell="212" />
    <zaap map="11210" cell="401" />
    <zaap map="4263" cell="170" />
    <zaap map="3022" cell="186" />
    <zaap map="6855" cell="253" />
    <zaap map="6137" cell="104" />
    <zaap map="3250" cell="165" />
    <zaap map="4739" cell="354" />
    <zaap map="5295" cell="561" />
    <zaap map="8785" cell="253" />
    <zaap map="7411" cell="311" />
    <zaap map="6954" cell="238" />
    <zaap map="2191" cell="200" />
    <zaap map="10297" cell="199" />
    <zaap map="10349" cell="282" />
    <zaap map="10304" cell="138" />
    <zaap map="10317" cell="195" />
    <zaap map="17000" cell="110" />
</Zaaps>