<Zaapis>
    <zaapi map="6159" align="1" cell="257" />
    <zaapi map="4174" align="1" cell="347" />
    <zaapi map="8758" align="1" cell="656" />
    <zaapi map="4299" align="1" cell="598" />
    <zaapi map="4180" align="1" cell="671" />
    <zaapi map="8759" align="1" cell="527" />
    <zaapi map="4183" align="1" cell="397" />
    <zaapi map="2221" align="1" cell="246" />
    <zaapi map="4300" align="1" cell="454" />
    <zaapi map="4217" align="1" cell="472" />
    <zaapi map="4098" align="1" cell="527" />
    <zaapi map="8757" align="1" cell="539" />
    <zaapi map="4223" align="1" cell="278" />
    <zaapi map="8760" align="1" cell="359" />
    <zaapi map="2214" align="1" cell="547" />
    <zaapi map="4179" align="1" cell="297" />
    <zaapi map="4229" align="1" cell="216" />
    <zaapi map="4232" align="1" cell="505" />
    <zaapi map="8478" align="1" cell="412" />
    <zaapi map="4238" align="1" cell="353" />
    <zaapi map="4263" align="1" cell="134" />
    <zaapi map="4216" align="1" cell="667" />
    <zaapi map="4172" align="1" cell="448" />
    <zaapi map="4247" align="1" cell="250" />
    <zaapi map="4272" align="1" cell="640" />
    <zaapi map="4271" align="1" cell="456" />
    <zaapi map="4250" align="1" cell="167" />
    <zaapi map="4178" align="1" cell="303" />
    <zaapi map="4106" align="1" cell="303" />
    <zaapi map="4181" align="1" cell="722" />
    <zaapi map="4259" align="1" cell="135" />
    <zaapi map="4106" align="1" cell="303" />
    <zaapi map="4090" align="1" cell="693" />
    <zaapi map="4262" align="1" cell="345" />
    <zaapi map="4287" align="1" cell="130" />
    <zaapi map="4240" align="1" cell="448" />
    <zaapi map="4218" align="1" cell="266" />
    <zaapi map="4074" align="1" cell="141" />
    <zaapi map="4262" align="1" cell="345" />
    <zaapi map="4308" align="1" cell="456" />

    <zaapi map="4646" align="2" cell="297" />
    <zaapi map="4629" align="2" cell="413" />
    <zaapi map="4601" align="2" cell="506" />
    <zaapi map="4551" align="2" cell="253" />
    <zaapi map="4607" align="2" cell="467" />
    <zaapi map="4930" align="2" cell="213" />
    <zaapi map="4622" align="2" cell="643" />
    <zaapi map="2221" align="2" cell="246" />
    <zaapi map="4620" align="2" cell="638" />
    <zaapi map="4615" align="2" cell="581" />
    <zaapi map="4595" align="2" cell="133" />
    <zaapi map="4627" align="2" cell="207" />
    <zaapi map="4623" align="2" cell="442" />
    <zaapi map="4604" align="2" cell="482" />
    <zaapi map="8754" align="2" cell="483" />
    <zaapi map="8753" align="2" cell="344" />
    <zaapi map="4630" align="2" cell="672" />
    <zaapi map="5295" align="2" cell="467" />
    <zaapi map="5334" align="2" cell="486" />
    <zaapi map="4562" align="2" cell="172" />
    <zaapi map="4549" align="2" cell="548" />
    <zaapi map="4588" align="2" cell="558" />
    <zaapi map="4579" align="2" cell="593" />
    <zaapi map="5332" align="2" cell="190" />
    <zaapi map="5116" align="2" cell="434" />
    <zaapi map="4637" align="2" cell="727" />
    <zaapi map="4639" align="2" cell="489" />
    <zaapi map="5112" align="2" cell="753" />
    <zaapi map="4618" align="2" cell="343" />
    <zaapi map="4612" align="2" cell="640" />
    <zaapi map="5317" align="2" cell="310" />
    <zaapi map="5277" align="2" cell="505" />
    <zaapi map="5311" align="2" cell="298" />
    <zaapi map="8493" align="2" cell="341" />
    <zaapi map="8755" align="2" cell="512" />
    <zaapi map="8756" align="2" cell="405" />
</Zaapis>