<Hdvs>
    <Hdv id="1" map="4216" tax="1" level="1000" expiration="750" categories="1,9" />
    <Hdv id="3" map="4271" tax="1" level="1000" expiration="750" categories="12,14,26,43,44,45,66,70,71,86" />
    <Hdv id="4" map="8759" tax="1" level="1000" expiration="750" categories="18,72,77,90,97,113,116" />
    <Hdv id="5" map="4287" tax="1" level="1000" expiration="750" categories="63,64,69" />
    <Hdv id="6" map="2221" tax="1" level="1000" expiration="750" categories="33,42" />
    <Hdv id="7" map="4232" tax="1" level="1000" expiration="750" categories="84,93,112,114" />
    <Hdv id="8" map="4178" tax="1" level="1000" expiration="750" categories="38,95,96,98,108" />
    <Hdv id="9" map="4183" tax="1" level="1000" expiration="750" categories="10,11" />
    <Hdv id="10" map="8760" tax="1" level="1000" expiration="750" categories="13,25,73,75,76" />
    <Hdv id="11" map="4098" tax="1" level="1000" expiration="750" categories="5,6,7,8,19,20,21,22" />
    <Hdv id="12" map="4179" tax="1" level="1000" expiration="750" categories="39,40,50,51,88" />
    <Hdv id="13" map="6159" tax="1" level="1000" expiration="750" categories="87" />
    <Hdv id="14" map="4299" tax="1" level="1000" expiration="750" categories="34,52,60" />
    <Hdv id="15" map="4247" tax="1" level="1000" expiration="750" categories="41,49,62" />
    <Hdv id="16" map="4262" tax="1" level="1000" expiration="750" categories="15,35,36,46,47,48,53,54,55,56,57,58,59,65,68,103,104,105,106,107,109,110,111" />
    <Hdv id="17" map="8757" tax="1" level="1000" expiration="750" categories="78" />
    <Hdv id="18" map="4174" tax="1" level="1000" expiration="750" categories="2,3,4" />
    <Hdv id="19" map="4172" tax="1" level="1000" expiration="750" categories="16,17,81" />
    <Hdv id="20" map="10129" tax="1" level="1000" expiration="750" categories="83,85" />
    <Hdv id="21" map="8753" tax="1" level="1000" expiration="750" categories="18,72,77,90,97,113,116" />
    <Hdv id="22" map="4607" tax="1" level="1000" expiration="750" categories="12,14,26,43,44,45,66,70,71,86" />
    <Hdv id="23" map="4622" tax="1" level="1000" expiration="750" categories="1,9" />
    <Hdv id="24" map="4627" tax="1" level="1000" expiration="750" categories="84,93,112,114" />
    <Hdv id="25" map="5112" tax="1" level="1000" expiration="750" categories="38,95,96,98,108" />
    <Hdv id="26" map="4562" tax="1" level="1000" expiration="750" categories="10,11" />
    <Hdv id="27" map="8754" tax="1" level="1000" expiration="750" categories="13,25,73,75,76" />
    <Hdv id="28" map="5317" tax="1" level="1000" expiration="750" categories="5,6,7,8,19,20,21,22" />
    <Hdv id="29" map="6167" tax="1" level="1000" expiration="750" categories="87" />
    <Hdv id="30" map="4615" tax="1" level="1000" expiration="750" categories="41,49,62" />
    <Hdv id="31" map="4646" tax="1" level="1000" expiration="750" categories="15,35,36,46,47,48,53,54,55,56,57,58,59,65,68,103,104,105,106,107,109,110,111" />
    <Hdv id="32" map="8756" tax="1" level="1000" expiration="750" categories="78" />
    <Hdv id="33" map="4618" tax="1" level="1000" expiration="750" categories="2,3,4" />
    <Hdv id="34" map="4588" tax="1" level="1000" expiration="750" categories="16,17,81" />
    <Hdv id="35" map="8482" tax="1" level="1000" expiration="750" categories="83,85" />
    <Hdv id="36" map="4595" tax="1" level="1000" expiration="750" categories="63,64,69" />
    <Hdv id="37" map="4630" tax="1" level="1000" expiration="750" categories="33,42" />
    <Hdv id="38" map="5311" tax="1" level="1000" expiration="750" categories="39,40,50,51,88" />
    <Hdv id="39" map="4629" tax="1" level="1000" expiration="750" categories="34,52,60" />
    <Hdv id="40" map="7513" tax="5" level="35" expiration="72" categories="16,17,81" />
    <Hdv id="41" map="7602" tax="5" level="35" expiration="72" categories="10,11" />
    <Hdv id="42" map="7501" tax="5" level="35" expiration="72" categories="41,49,62" />
    <Hdv id="43" map="7515" tax="5" level="35" expiration="72" categories="63,64,69" />
    <Hdv id="44" map="7510" tax="5" level="35" expiration="72" categories="33,42" />
    <Hdv id="45" map="7397" tax="5" level="35" expiration="72" categories="34,52,60" />
    <Hdv id="46" map="7512" tax="5" level="35" expiration="72" categories="2,3,4" />
    <Hdv id="47" map="7289" tax="5" level="35" expiration="72" categories="38,95,96,98,108" />
    <Hdv id="48" map="7516" tax="5" level="35" expiration="72" categories="12,14,26,43,44,45,66,70,71,86" />
    <Hdv id="49" map="7413" tax="5" level="35" expiration="72" categories="15,35,36,46,47,48,53,54,55,56,57,58,59,65,68,103,104,105,106,107,109,110,111" />
    <Hdv id="50" map="12262" tax="5" level="35" expiration="72" categories="84,93,112,114" />
    <Hdv id="51" map="7514" tax="5" level="35" expiration="72" categories="1,9" />
    <Hdv id="52" map="7511" tax="5" level="35" expiration="72" categories="5,6,7,8,19,20,21,22" />
    <Hdv id="53" map="7443" tax="5" level="35" expiration="72" categories="39,40,50,51,88" />
    <Hdv id="54" map="8039" tax="5" level="35" expiration="72" categories="82" />
    <Hdv id="55" map="7350" tax="5" level="35" expiration="72" categories="63,64,69,28" />
    <Hdv id="56" map="7348" tax="5" level="35" expiration="72" categories="41,49,62,28" />
    <Hdv id="57" map="3412" tax="5" level="35" expiration="72" categories="74" />
</Hdvs>