<?xml version="1.0"?>
<experiences>
    <experience level="1" player="0" guild="0" job="0" mount="0" alignment="0"/>
    <experience level="2" player="110" guild="1100" job="50" mount="600" alignment="500"/>
    <experience level="3" player="650" guild="6500" job="140" mount="1750" alignment="1500"/>
    <experience level="4" player="1500" guild="15000" job="271" mount="2750" alignment="3000"/>
    <experience level="5" player="2800" guild="28000" job="441" mount="4000" alignment="5000"/>
    <experience level="6" player="4800" guild="48000" job="653" mount="5500" alignment="7500"/>
    <experience level="7" player="7300" guild="73000" job="905" mount="7250" alignment="10000"/>
    <experience level="8" player="10500" guild="105000" job="1199" mount="9250" alignment="12500"/>
    <experience level="9" player="14500" guild="145000" job="1543" mount="11500" alignment="15000"/>
    <experience level="10" player="19200" guild="192000" job="1911" mount="14000" alignment="17500"/>
    <experience level="11" player="25200" guild="252000" job="2330" mount="16750" alignment="-1"/>
    <experience level="12" player="32600" guild="326000" job="2792" mount="19750" alignment="-1"/>
    <experience level="13" player="41000" guild="410000" job="3297" mount="23000" alignment="-1"/>
    <experience level="14" player="50500" guild="505000" job="3840" mount="26500" alignment="-1"/>
    <experience level="15" player="61000" guild="610000" job="4439" mount="30250" alignment="-1"/>
    <experience level="16" player="75000" guild="750000" job="5078" mount="34250" alignment="-1"/>
    <experience level="17" player="91000" guild="910000" job="5762" mount="38500" alignment="-1"/>
    <experience level="18" player="115000" guild="1150000" job="6493" mount="43000" alignment="-1"/>
    <experience level="19" player="142000" guild="1420000" job="7280" mount="47750" alignment="-1"/>
    <experience level="20" player="171000" guild="1710000" job="8097" mount="52750" alignment="-1"/>
    <experience level="21" player="202000" guild="2020000" job="8980" mount="58000" alignment="-1"/>
    <experience level="22" player="235000" guild="2350000" job="9898" mount="63500" alignment="-1"/>
    <experience level="23" player="270000" guild="2700000" job="10875" mount="69250" alignment="-1"/>
    <experience level="24" player="310000" guild="3100000" job="11903" mount="75250" alignment="-1"/>
    <experience level="25" player="353000" guild="3530000" job="12985" mount="81500" alignment="-1"/>
    <experience level="26" player="398500" guild="3985000" job="14122" mount="88000" alignment="-1"/>
    <experience level="27" player="448000" guild="4480000" job="15315" mount="94750" alignment="-1"/>
    <experience level="28" player="503000" guild="5030000" job="16564" mount="101750" alignment="-1"/>
    <experience level="29" player="561000" guild="5610000" job="17873" mount="109000" alignment="-1"/>
    <experience level="30" player="621600" guild="6216000" job="19242" mount="116500" alignment="-1"/>
    <experience level="31" player="687000" guild="6870000" job="20672" mount="124250" alignment="-1"/>
    <experience level="32" player="755000" guild="7550000" job="22166" mount="132250" alignment="-1"/>
    <experience level="33" player="829000" guild="8290000" job="23726" mount="140500" alignment="-1"/>
    <experience level="34" player="910000" guild="9100000" job="25353" mount="149000" alignment="-1"/>
    <experience level="35" player="1000000" guild="10000000" job="27048" mount="157750" alignment="-1"/>
    <experience level="36" player="1100000" guild="11000000" job="28815" mount="166750" alignment="-1"/>
    <experience level="37" player="1240000" guild="12400000" job="30656" mount="176000" alignment="-1"/>
    <experience level="38" player="1400000" guild="14000000" job="32572" mount="185500" alignment="-1"/>
    <experience level="39" player="1580000" guild="15800000" job="34566" mount="195250" alignment="-1"/>
    <experience level="40" player="1780000" guild="17800000" job="36641" mount="205250" alignment="-1"/>
    <experience level="41" player="2000000" guild="20000000" job="38800" mount="215500" alignment="-1"/>
    <experience level="42" player="2250000" guild="22500000" job="41044" mount="226000" alignment="-1"/>
    <experience level="43" player="2530000" guild="25300000" job="43378" mount="236750" alignment="-1"/>
    <experience level="44" player="2850000" guild="28500000" job="45804" mount="247750" alignment="-1"/>
    <experience level="45" player="3200000" guild="32000000" job="48325" mount="249000" alignment="-1"/>
    <experience level="46" player="3570000" guild="35700000" job="50946" mount="270500" alignment="-1"/>
    <experience level="47" player="3960000" guild="39600000" job="53669" mount="282250" alignment="-1"/>
    <experience level="48" player="4400000" guild="44000000" job="56498" mount="294250" alignment="-1"/>
    <experience level="49" player="4860000" guild="48600000" job="59437" mount="306500" alignment="-1"/>
    <experience level="50" player="5350000" guild="53500000" job="62491" mount="319000" alignment="-1"/>
    <experience level="51" player="5860000" guild="58600000" job="65664" mount="331750" alignment="-1"/>
    <experience level="52" player="6390000" guild="63900000" job="68960" mount="344750" alignment="-1"/>
    <experience level="53" player="6950000" guild="69500000" job="72385" mount="358000" alignment="-1"/>
    <experience level="54" player="7530000" guild="75300000" job="75943" mount="371500" alignment="-1"/>
    <experience level="55" player="8130000" guild="81300000" job="79640" mount="385250" alignment="-1"/>
    <experience level="56" player="8765100" guild="87651000" job="83482" mount="399250" alignment="-1"/>
    <experience level="57" player="9420000" guild="94200000" job="87475" mount="413500" alignment="-1"/>
    <experience level="58" player="10150000" guild="101500000" job="91624" mount="428000" alignment="-1"/>
    <experience level="59" player="10894000" guild="108940000" job="95937" mount="442750" alignment="-1"/>
    <experience level="60" player="11650000" guild="116500000" job="100421" mount="457750" alignment="-1"/>
    <experience level="61" player="12450000" guild="124500000" job="105082" mount="473000" alignment="-1"/>
    <experience level="62" player="13280000" guild="132800000" job="109930" mount="488500" alignment="-1"/>
    <experience level="63" player="14130000" guild="141300000" job="114971" mount="504250" alignment="-1"/>
    <experience level="64" player="15170000" guild="151700000" job="120215" mount="520250" alignment="-1"/>
    <experience level="65" player="16251000" guild="162510000" job="125671" mount="536500" alignment="-1"/>
    <experience level="66" player="17377000" guild="173770000" job="131348" mount="553000" alignment="-1"/>
    <experience level="67" player="18553000" guild="185530000" job="137256" mount="569750" alignment="-1"/>
    <experience level="68" player="19778000" guild="197780000" job="143407" mount="586750" alignment="-1"/>
    <experience level="69" player="21055000" guild="210550000" job="149811" mount="604000" alignment="-1"/>
    <experience level="70" player="22385000" guild="223850000" job="156481" mount="621500" alignment="-1"/>
    <experience level="71" player="23529000" guild="235290000" job="163429" mount="639250" alignment="-1"/>
    <experience level="72" player="25209000" guild="252090000" job="170669" mount="657250" alignment="-1"/>
    <experience level="73" player="26707000" guild="267070000" job="178214" mount="675500" alignment="-1"/>
    <experience level="74" player="28264000" guild="282640000" job="186080" mount="694000" alignment="-1"/>
    <experience level="75" player="29882000" guild="298820000" job="194283" mount="712750" alignment="-1"/>
    <experience level="76" player="31563000" guild="315630000" job="202839" mount="731750" alignment="-1"/>
    <experience level="77" player="33307000" guild="333070000" job="211765" mount="751000" alignment="-1"/>
    <experience level="78" player="35118000" guild="351180000" job="221082" mount="770500" alignment="-1"/>
    <experience level="79" player="36997000" guild="369970000" job="230808" mount="790250" alignment="-1"/>
    <experience level="80" player="38945000" guild="389450000" job="240964" mount="810250" alignment="-1"/>
    <experience level="81" player="40965000" guild="409650000" job="251574" mount="830500" alignment="-1"/>
    <experience level="82" player="43059000" guild="430590000" job="262660" mount="851000" alignment="-1"/>
    <experience level="83" player="45229000" guild="452290000" job="274248" mount="871750" alignment="-1"/>
    <experience level="84" player="47476000" guild="474760000" job="286364" mount="892750" alignment="-1"/>
    <experience level="85" player="49803000" guild="498030000" job="299037" mount="914000" alignment="-1"/>
    <experience level="86" player="52211000" guild="522110000" job="312297" mount="935500" alignment="-1"/>
    <experience level="87" player="54704000" guild="547040000" job="326175" mount="957250" alignment="-1"/>
    <experience level="88" player="57284000" guild="572840000" job="340705" mount="979250" alignment="-1"/>
    <experience level="89" player="59952000" guild="599520000" job="355924" mount="1001500" alignment="-1"/>
    <experience level="90" player="62712000" guild="627120000" job="371870" mount="1024000" alignment="-1"/>
    <experience level="91" player="65565000" guild="655650000" job="388582" mount="1046750" alignment="-1"/>
    <experience level="92" player="68514000" guild="685140000" job="406106" mount="1069750" alignment="-1"/>
    <experience level="93" player="71561000" guild="715610000" job="424486" mount="1093000" alignment="-1"/>
    <experience level="94" player="74710000" guild="747100000" job="443772" mount="1116500" alignment="-1"/>
    <experience level="95" player="77963000" guild="779630000" job="464016" mount="1140250" alignment="-1"/>
    <experience level="96" player="81323000" guild="813230000" job="485274" mount="1164250" alignment="-1"/>
    <experience level="97" player="84792000" guild="847920000" job="507604" mount="1188500" alignment="-1"/>
    <experience level="98" player="88374000" guild="883740000" job="531071" mount="1213000" alignment="-1"/>
    <experience level="99" player="92071000" guild="920710000" job="555541" mount="1237750" alignment="-1"/>
    <experience level="100" player="95886000" guild="958860000" job="581687" mount="1262750" alignment="-1"/>
    <experience level="101" player="99823000" guild="998230000" job="-1" mount="-1" alignment="-1"/>
    <experience level="102" player="103885000" guild="1038850000" job="-1" mount="-1" alignment="-1"/>
    <experience level="103" player="108075000" guild="1080750000" job="-1" mount="-1" alignment="-1"/>
    <experience level="104" player="112396000" guild="1123960000" job="-1" mount="-1" alignment="-1"/>
    <experience level="105" player="116853000" guild="1168530000" job="-1" mount="-1" alignment="-1"/>
    <experience level="106" player="121447000" guild="1214470000" job="-1" mount="-1" alignment="-1"/>
    <experience level="107" player="126184000" guild="1261840000" job="-1" mount="-1" alignment="-1"/>
    <experience level="108" player="131066000" guild="1310660000" job="-1" mount="-1" alignment="-1"/>
    <experience level="109" player="136098000" guild="1360980000" job="-1" mount="-1" alignment="-1"/>
    <experience level="110" player="141283000" guild="1412830000" job="-1" mount="-1" alignment="-1"/>
    <experience level="111" player="146626000" guild="1466260000" job="-1" mount="-1" alignment="-1"/>
    <experience level="112" player="152130000" guild="1521300000" job="-1" mount="-1" alignment="-1"/>
    <experience level="113" player="157800000" guild="1578000000" job="-1" mount="-1" alignment="-1"/>
    <experience level="114" player="163640000" guild="1636400000" job="-1" mount="-1" alignment="-1"/>
    <experience level="115" player="169655000" guild="1696550000" job="-1" mount="-1" alignment="-1"/>
    <experience level="116" player="175848000" guild="1758480000" job="-1" mount="-1" alignment="-1"/>
    <experience level="117" player="182225000" guild="1822250000" job="-1" mount="-1" alignment="-1"/>
    <experience level="118" player="188791000" guild="1887910000" job="-1" mount="-1" alignment="-1"/>
    <experience level="119" player="195550000" guild="1955500000" job="-1" mount="-1" alignment="-1"/>
    <experience level="120" player="202507000" guild="2025070000" job="-1" mount="-1" alignment="-1"/>
    <experience level="121" player="209667000" guild="2096670000" job="-1" mount="-1" alignment="-1"/>
    <experience level="122" player="217037000" guild="2170370000" job="-1" mount="-1" alignment="-1"/>
    <experience level="123" player="224620000" guild="2246200000" job="-1" mount="-1" alignment="-1"/>
    <experience level="124" player="232424000" guild="2324240000" job="-1" mount="-1" alignment="-1"/>
    <experience level="125" player="240452000" guild="2404520000" job="-1" mount="-1" alignment="-1"/>
    <experience level="126" player="248712000" guild="2487120000" job="-1" mount="-1" alignment="-1"/>
    <experience level="127" player="257209000" guild="2572090000" job="-1" mount="-1" alignment="-1"/>
    <experience level="128" player="265949000" guild="2659490000" job="-1" mount="-1" alignment="-1"/>
    <experience level="129" player="274939000" guild="2749390000" job="-1" mount="-1" alignment="-1"/>
    <experience level="130" player="284186000" guild="2841860000" job="-1" mount="-1" alignment="-1"/>
    <experience level="131" player="293694000" guild="2936940000" job="-1" mount="-1" alignment="-1"/>
    <experience level="132" player="303473000" guild="3034730000" job="-1" mount="-1" alignment="-1"/>
    <experience level="133" player="313527000" guild="3135270000" job="-1" mount="-1" alignment="-1"/>
    <experience level="134" player="323866000" guild="3238660000" job="-1" mount="-1" alignment="-1"/>
    <experience level="135" player="334495000" guild="3344950000" job="-1" mount="-1" alignment="-1"/>
    <experience level="136" player="345423000" guild="3454230000" job="-1" mount="-1" alignment="-1"/>
    <experience level="137" player="356657000" guild="3566570000" job="-1" mount="-1" alignment="-1"/>
    <experience level="138" player="368206000" guild="3682060000" job="-1" mount="-1" alignment="-1"/>
    <experience level="139" player="380076000" guild="3800760000" job="-1" mount="-1" alignment="-1"/>
    <experience level="140" player="392278000" guild="3922780000" job="-1" mount="-1" alignment="-1"/>
    <experience level="141" player="404818000" guild="4048180000" job="-1" mount="-1" alignment="-1"/>
    <experience level="142" player="417706000" guild="4177060000" job="-1" mount="-1" alignment="-1"/>
    <experience level="143" player="430952000" guild="4309520000" job="-1" mount="-1" alignment="-1"/>
    <experience level="144" player="444564000" guild="4445640000" job="-1" mount="-1" alignment="-1"/>
    <experience level="145" player="458551000" guild="4585510000" job="-1" mount="-1" alignment="-1"/>
    <experience level="146" player="472924000" guild="4729240000" job="-1" mount="-1" alignment="-1"/>
    <experience level="147" player="487693000" guild="4876930000" job="-1" mount="-1" alignment="-1"/>
    <experience level="148" player="502867000" guild="5028670000" job="-1" mount="-1" alignment="-1"/>
    <experience level="149" player="518458000" guild="5184580000" job="-1" mount="-1" alignment="-1"/>
    <experience level="150" player="534476000" guild="5344760000" job="-1" mount="-1" alignment="-1"/>
    <experience level="151" player="502867000" guild="5028670000" job="-1" mount="-1" alignment="-1"/>
    <experience level="152" player="567839000" guild="5678390000" job="-1" mount="-1" alignment="-1"/>
    <experience level="153" player="585206000" guild="5852060000" job="-1" mount="-1" alignment="-1"/>
    <experience level="154" player="603047000" guild="6030470000" job="-1" mount="-1" alignment="-1"/>
    <experience level="155" player="621374000" guild="6213740000" job="-1" mount="-1" alignment="-1"/>
    <experience level="156" player="640199000" guild="6401990000" job="-1" mount="-1" alignment="-1"/>
    <experience level="157" player="659536000" guild="6595360000" job="-1" mount="-1" alignment="-1"/>
    <experience level="158" player="679398000" guild="6793980000" job="-1" mount="-1" alignment="-1"/>
    <experience level="159" player="699798000" guild="6997980000" job="-1" mount="-1" alignment="-1"/>
    <experience level="160" player="720751000" guild="7207510000" job="-1" mount="-1" alignment="-1"/>
    <experience level="161" player="742772000" guild="7427720000" job="-1" mount="-1" alignment="-1"/>
    <experience level="162" player="764374000" guild="7643740000" job="-1" mount="-1" alignment="-1"/>
    <experience level="163" player="787074000" guild="7870740000" job="-1" mount="-1" alignment="-1"/>
    <experience level="164" player="810387000" guild="8103870000" job="-1" mount="-1" alignment="-1"/>
    <experience level="165" player="834329000" guild="8343290000" job="-1" mount="-1" alignment="-1"/>
    <experience level="166" player="858917000" guild="8589170000" job="-1" mount="-1" alignment="-1"/>
    <experience level="167" player="884167000" guild="8841670000" job="-1" mount="-1" alignment="-1"/>
    <experience level="168" player="910098000" guild="9100980000" job="-1" mount="-1" alignment="-1"/>
    <experience level="169" player="936727000" guild="9367270000" job="-1" mount="-1" alignment="-1"/>
    <experience level="170" player="964073000" guild="9640730000" job="-1" mount="-1" alignment="-1"/>
    <experience level="171" player="992154000" guild="9921540000" job="-1" mount="-1" alignment="-1"/>
    <experience level="172" player="1020991000" guild="10209910000" job="-1" mount="-1" alignment="-1"/>
    <experience level="173" player="1050603000" guild="10506030000" job="-1" mount="-1" alignment="-1"/>
    <experience level="174" player="1081010000" guild="10810100000" job="-1" mount="-1" alignment="-1"/>
    <experience level="175" player="1112235000" guild="11122350000" job="-1" mount="-1" alignment="-1"/>
    <experience level="176" player="1144298000" guild="11442980000" job="-1" mount="-1" alignment="-1"/>
    <experience level="177" player="1177222000" guild="11772220000" job="-1" mount="-1" alignment="-1"/>
    <experience level="178" player="1211030000" guild="12110300000" job="-1" mount="-1" alignment="-1"/>
    <experience level="179" player="1245745000" guild="12457450000" job="-1" mount="-1" alignment="-1"/>
    <experience level="180" player="1281393000" guild="12813930000" job="-1" mount="-1" alignment="-1"/>
    <experience level="181" player="1317997000" guild="13179970000" job="-1" mount="-1" alignment="-1"/>
    <experience level="182" player="1355584000" guild="13555840000" job="-1" mount="-1" alignment="-1"/>
    <experience level="183" player="1404179000" guild="14041790000" job="-1" mount="-1" alignment="-1"/>
    <experience level="184" player="1463811000" guild="14638110000" job="-1" mount="-1" alignment="-1"/>
    <experience level="185" player="1534506000" guild="15345060000" job="-1" mount="-1" alignment="-1"/>
    <experience level="186" player="1616294000" guild="16162940000" job="-1" mount="-1" alignment="-1"/>
    <experience level="187" player="1709205000" guild="17092050000" job="-1" mount="-1" alignment="-1"/>
    <experience level="188" player="1813267000" guild="18132670000" job="-1" mount="-1" alignment="-1"/>
    <experience level="189" player="1928513000" guild="19285130000" job="-1" mount="-1" alignment="-1"/>
    <experience level="190" player="2054975000" guild="20549750000" job="-1" mount="-1" alignment="-1"/>
    <experience level="191" player="2192686000" guild="21926860000" job="-1" mount="-1" alignment="-1"/>
    <experience level="192" player="2341679000" guild="23416790000" job="-1" mount="-1" alignment="-1"/>
    <experience level="193" player="2501990000" guild="25019900000" job="-1" mount="-1" alignment="-1"/>
    <experience level="194" player="2673655000" guild="26736550000" job="-1" mount="-1" alignment="-1"/>
    <experience level="195" player="2856710000" guild="28567100000" job="-1" mount="-1" alignment="-1"/>
    <experience level="196" player="3051194000" guild="30511940000" job="-1" mount="-1" alignment="-1"/>
    <experience level="197" player="3257146000" guild="32571460000" job="-1" mount="-1" alignment="-1"/>
    <experience level="198" player="3474606000" guild="34746060000" job="-1" mount="-1" alignment="-1"/>
    <experience level="199" player="3703616000" guild="37036160000" job="-1" mount="-1" alignment="-1"/>
    <experience level="200" player="7407232000" guild="74072320000" job="-1" mount="-1" alignment="-1"/>
</experiences>