<SubAreas>
    <SubArea id="0">
        <name>Amakna</name>
        <area>0</area>
    </SubArea>


    <SubArea id="1">
        <name>le Port de Madrestam</name>
        <area>0</area>
    </SubArea>


    <SubArea id="2">
        <name>la montagne des Craqueleurs</name>
        <area>0</area>
    </SubArea>


    <SubArea id="3">
        <name>le champ des Ingalsses</name>
        <area>0</area>
    </SubArea>


    <SubArea id="4">
        <name>la forêt d'Amakna</name>
        <area>0</area>
    </SubArea>


    <SubArea id="5">
        <name>le coin des Bouftous</name>
        <area>0</area>
    </SubArea>


    <SubArea id="6">
        <name>le cimetiére</name>
        <area>0</area>
    </SubArea>


    <SubArea id="7">
        <name>les cryptes</name>
        <area>0</area>
    </SubArea>


    <SubArea id="8">
        <name>le campement des Bworks</name>
        <area>0</area>
    </SubArea>


    <SubArea id="9">
        <name>la forêt maléfique</name>
        <area>0</area>
    </SubArea>


    <SubArea id="10">
        <name>le village</name>
        <area>0</area>
    </SubArea>


    <SubArea id="11">
        <name>le territoire des Porcos</name>
        <area>0</area>
    </SubArea>


    <SubArea id="12">
        <name>la péninsule des gelées</name>
        <area>0</area>
    </SubArea>


    <SubArea id="13">
        <name>le temple Féca</name>
        <area>0</area>
    </SubArea>


    <SubArea id="14">
        <name>le temple Osamodas</name>
        <area>0</area>
    </SubArea>


    <SubArea id="15">
        <name>le temple Enutrof</name>
        <area>0</area>
    </SubArea>


    <SubArea id="16">
        <name>le temple Sram</name>
        <area>0</area>
    </SubArea>


    <SubArea id="17">
        <name>le temple Xélor</name>
        <area>0</area>
    </SubArea>


    <SubArea id="18">
        <name>le temple Ecaflip</name>
        <area>0</area>
    </SubArea>


    <SubArea id="19">
        <name>le temple Iop</name>
        <area>0</area>
    </SubArea>


    <SubArea id="20">
        <name>le temple Crâ</name>
        <area>0</area>
    </SubArea>


    <SubArea id="21">
        <name>le temple Sadida</name>
        <area>0</area>
    </SubArea>


    <SubArea id="22">
        <name>le bord de la fôret maléfique</name>
        <area>0</area>
    </SubArea>


    <SubArea id="23">
        <name>la presqu'île des Dragoeufs</name>
        <area>0</area>
    </SubArea>


    <SubArea id="25">
        <name>les sous-terrains des Wabbits</name>
        <area>1</area>
    </SubArea>


    <SubArea id="26">
        <name>le temple Eniripsa</name>
        <area>0</area>
    </SubArea>


    <SubArea id="27">
        <name>la côte d'Asse</name>
        <area>0</area>
    </SubArea>


    <SubArea id="28">
        <name>la garnison d'Amakna</name>
        <area>0</area>
    </SubArea>


    <SubArea id="29">
        <name>le souterrain</name>
        <area>0</area>
    </SubArea>


    <SubArea id="30">
        <name>le berceau</name>
        <area>4</area>
    </SubArea>


    <SubArea id="31">
        <name>le marécage</name>
        <area>0</area>
    </SubArea>


    <SubArea id="32">
        <name>Sufokia</name>
        <area>5</area>
    </SubArea>


    <SubArea id="33">
        <name>la forêt des Abraknydes</name>
        <area>6</area>
    </SubArea>


    <SubArea id="34">
        <name>la prison</name>
        <area>3</area>
    </SubArea>


    <SubArea id="35">
        <name>la porte de Sufokia</name>
        <area>0</area>
    </SubArea>


    <SubArea id="37">
        <name>Bonta</name>
        <area>7</area>
    </SubArea>


    <SubArea id="38">
        <name>la plaine de Cania</name>
        <area>8</area>
    </SubArea>


    <SubArea id="39">
        <name>le repaire des Roublards</name>
        <area>0</area>
    </SubArea>


    <SubArea id="41">
        <name>le temple Sacrieur</name>
        <area>0</area>
    </SubArea>


    <SubArea id="42">
        <name>la route de Bonta</name>
        <area>8</area>
    </SubArea>


    <SubArea id="43">
        <name>la fortification de Bonta</name>
        <area>7</area>
    </SubArea>


    <SubArea id="44">
        <name>le quartier des Boulangers</name>
        <area>7</area>
    </SubArea>


    <SubArea id="45">
        <name>le quartier de la Milice</name>
        <area>7</area>
    </SubArea>


    <SubArea id="46">
        <name>le quartier des Bouchers</name>
        <area>7</area>
    </SubArea>


    <SubArea id="47">
        <name>le quartier des Forgerons</name>
        <area>7</area>
    </SubArea>


    <SubArea id="48">
        <name>le quartier des Bûcherons</name>
        <area>7</area>
    </SubArea>


    <SubArea id="49">
        <name>le quartier des Bricoleurs</name>
        <area>7</area>
    </SubArea>


    <SubArea id="50">
        <name>le quartier des Tailleurs</name>
        <area>7</area>
    </SubArea>


    <SubArea id="51">
        <name>le quartier des Bijoutiers</name>
        <area>7</area>
    </SubArea>


    <SubArea id="53">
        <name>Brâkmar</name>
        <area>11</area>
    </SubArea>


    <SubArea id="54">
        <name>le massif de Cania</name>
        <area>8</area>
    </SubArea>


    <SubArea id="55">
        <name>la pénates du Corbac</name>
        <area>8</area>
    </SubArea>


    <SubArea id="56">
        <name>la forêt de Cania</name>
        <area>8</area>
    </SubArea>


    <SubArea id="57">
        <name>la lande de Sidimote</name>
        <area>12</area>
    </SubArea>


    <SubArea id="59">
        <name>le cimetière de Bonta</name>
        <area>8</area>
    </SubArea>


    <SubArea id="61">
        <name>le cimetière des Tortur</name>
        <area>12</area>
    </SubArea>


    <SubArea id="62">
        <name>le village Dopeul</name>
        <area>13</area>
    </SubArea>


    <SubArea id="63">
        <name>le prisme des Dopeuls</name>
        <area>13</area>
    </SubArea>


    <SubArea id="64">
        <name>la première salle du prisme</name>
        <area>13</area>
    </SubArea>


    <SubArea id="65">
        <name>la seconde salle du prisme</name>
        <area>13</area>
    </SubArea>


    <SubArea id="66">
        <name>la troisième salle du prisme</name>
        <area>13</area>
    </SubArea>


    <SubArea id="67">
        <name>la quatrième salle du prisme</name>
        <area>13</area>
    </SubArea>


    <SubArea id="68">
        <name>les champs de Cania</name>
        <area>8</area>
    </SubArea>


    <SubArea id="69">
        <name>le Bois de Litneg</name>
        <area>8</area>
    </SubArea>


    <SubArea id="70">
        <name>les plaines rocheuses</name>
        <area>8</area>
    </SubArea>


    <SubArea id="71">
        <name>Gisgoul, le village devasté</name>
        <area>12</area>
    </SubArea>


    <SubArea id="72">
        <name>la façade de Brâkmar</name>
        <area>12</area>
    </SubArea>


    <SubArea id="73">
        <name>l'égout de Bonta</name>
        <area>7</area>
    </SubArea>


    <SubArea id="74">
        <name>l'entrainement des Dopeuls</name>
        <area>13</area>
    </SubArea>


    <SubArea id="75">
        <name>l'égout de Brâkmar</name>
        <area>11</area>
    </SubArea>


    <SubArea id="76">
        <name>le village Brigandins</name>
        <area>14</area>
    </SubArea>


    <SubArea id="77">
        <name>la gelaxième dimension</name>
        <area>0</area>
    </SubArea>


    <SubArea id="78">
        <name>la gelaxième dimension (royale)</name>
        <area>0</area>
    </SubArea>


    <SubArea id="79">
        <name>la première plate-forme</name>
        <area>14</area>
    </SubArea>


    <SubArea id="80">
        <name>la seconde plate-forme</name>
        <area>14</area>
    </SubArea>


    <SubArea id="81">
        <name>le prisme Brigandin</name>
        <area>14</area>
    </SubArea>


    <SubArea id="82">
        <name>le donjon des Bouftous</name>
        <area>4</area>
    </SubArea>


    <SubArea id="83">
        <name>le tutorial</name>
        <area>17</area>
    </SubArea>


    <SubArea id="84">
        <name>la foire du Trool</name>
        <area>15</area>
    </SubArea>


    <SubArea id="85">
        <name>le jeu du Bouftou</name>
        <area>16</area>
    </SubArea>


    <SubArea id="86">
        <name>le Gladiatrool</name>
        <area>15</area>
    </SubArea>


    <SubArea id="87">
        <name>Amakna Sud</name>
        <area>0</area>
    </SubArea>


    <SubArea id="88">
        <name>Tainela</name>
        <area>17</area>
    </SubArea>


    <SubArea id="89">
        <name>le tournoi Monde du Jeu</name>
        <area>0</area>
    </SubArea>


    <SubArea id="91">
        <name>le souterrain mystérieux</name>
        <area>0</area>
    </SubArea>


    <SubArea id="92">
        <name>le contour d'Astrub</name>
        <area>18</area>
    </SubArea>


    <SubArea id="93">
        <name>la plage de Moon</name>
        <area>2</area>
    </SubArea>


    <SubArea id="94">
        <name>le donjon du Bworker</name>
        <area>12</area>
    </SubArea>


    <SubArea id="95">
        <name>la cité d'Astrub</name>
        <area>18</area>
    </SubArea>


    <SubArea id="96">
        <name>l'exploitation minière d'Astrub</name>
        <area>18</area>
    </SubArea>


    <SubArea id="97">
        <name>la forêt d'Astrub</name>
        <area>18</area>
    </SubArea>


    <SubArea id="98">
        <name>les champs d'Astrub</name>
        <area>18</area>
    </SubArea>


    <SubArea id="99">
        <name>le souterrain d'Astrub</name>
        <area>18</area>
    </SubArea>


    <SubArea id="100">
        <name>le souterrain profond d'Astrub</name>
        <area>18</area>
    </SubArea>


    <SubArea id="101">
        <name>le coin des Tofus</name>
        <area>18</area>
    </SubArea>


    <SubArea id="102">
        <name>le champ du repos</name>
        <area>25</area>
    </SubArea>


    <SubArea id="103">
        <name>le territoire des Bandits</name>
        <area>0</area>
    </SubArea>


    <SubArea id="105">
        <name>Pandala Neutre</name>
        <area>19</area>
    </SubArea>


    <SubArea id="106">
        <name>la bordure d'Akwadala</name>
        <area>20</area>
    </SubArea>


    <SubArea id="107">
        <name>la bordure de Feudala</name>
        <area>22</area>
    </SubArea>


    <SubArea id="108">
        <name>la bordure d'Aerdala</name>
        <area>23</area>
    </SubArea>


    <SubArea id="109">
        <name>la bordure de Terrdala</name>
        <area>21</area>
    </SubArea>


    <SubArea id="110">
        <name>Amakna pass</name>
        <area>0</area>
    </SubArea>


    <SubArea id="111">
        <name>la porte Aerdala</name>
        <area>23</area>
    </SubArea>


    <SubArea id="112">
        <name>la porte Feudala</name>
        <area>22</area>
    </SubArea>


    <SubArea id="113">
        <name>la porte Akwadala</name>
        <area>20</area>
    </SubArea>


    <SubArea id="114">
        <name>la porte Terrdala</name>
        <area>21</area>
    </SubArea>


    <SubArea id="115">
        <name>le village d'Aerdala</name>
        <area>23</area>
    </SubArea>


    <SubArea id="116">
        <name>le village de Feudala</name>
        <area>22</area>
    </SubArea>


    <SubArea id="117">
        <name>le village d'Akwadala</name>
        <area>20</area>
    </SubArea>


    <SubArea id="118">
        <name>le village de Terrdala</name>
        <area>21</area>
    </SubArea>


    <SubArea id="119">
        <name>le village de Pandala</name>
        <area>19</area>
    </SubArea>


    <SubArea id="120">
        <name>le prisme Aerdala</name>
        <area>23</area>
    </SubArea>


    <SubArea id="121">
        <name>le prisme Feudala</name>
        <area>22</area>
    </SubArea>


    <SubArea id="122">
        <name>le prisme Akwadala</name>
        <area>20</area>
    </SubArea>


    <SubArea id="123">
        <name>le prisme Terrdala</name>
        <area>21</area>
    </SubArea>


    <SubArea id="124">
        <name>la caverne des Bulbes</name>
        <area>24</area>
    </SubArea>


    <SubArea id="125">
        <name>le repaire des Pandikazes - Première plate-forme</name>
        <area>24</area>
    </SubArea>


    <SubArea id="126">
        <name>le repaire des Pandikazes - Seconde plate-forme</name>
        <area>24</area>
    </SubArea>


    <SubArea id="127">
        <name>le repaire des Pandikazes - Troisième plate-forme</name>
        <area>24</area>
    </SubArea>


    <SubArea id="128">
        <name>le repaire des Pandikazes - Quatrième plate-forme</name>
        <area>24</area>
    </SubArea>


    <SubArea id="129">
        <name>le repaire des Pandikazes - Cinquième plate-forme</name>
        <area>24</area>
    </SubArea>


    <SubArea id="130">
        <name>le repaire des Pandikazes - Sixième plate-forme</name>
        <area>24</area>
    </SubArea>


    <SubArea id="131">
        <name>le repaire des Pandikazes - Septième plate-forme</name>
        <area>24</area>
    </SubArea>


    <SubArea id="132">
        <name>le repaire des Pandikazes - Huitième plate-forme</name>
        <area>24</area>
    </SubArea>


    <SubArea id="133">
        <name>le donjon des Kitsounes - Salle 1</name>
        <area>24</area>
    </SubArea>


    <SubArea id="134">
        <name>le donjon des Kitsounes - Salle 2</name>
        <area>24</area>
    </SubArea>


    <SubArea id="135">
        <name>le donjon des Kitsounes - Salle 3</name>
        <area>24</area>
    </SubArea>


    <SubArea id="136">
        <name>le donjon des Kitsounes - Salle 4</name>
        <area>24</area>
    </SubArea>


    <SubArea id="137">
        <name>le donjon des Kitsounes - Salle 4</name>
        <area>24</area>
    </SubArea>


    <SubArea id="138">
        <name>le donjon des Kitsounes - Salle 4</name>
        <area>24</area>
    </SubArea>


    <SubArea id="139">
        <name>le donjon des Kitsounes - Salle 5</name>
        <area>24</area>
    </SubArea>


    <SubArea id="140">
        <name>le donjon des Kitsounes - Salle 6</name>
        <area>24</area>
    </SubArea>


    <SubArea id="141">
        <name>le donjon des Kitsounes - Repaire du Tanukou</name>
        <area>24</area>
    </SubArea>


    <SubArea id="143">
        <name>le pont de Pandala</name>
        <area>19</area>
    </SubArea>


    <SubArea id="144">
        <name>le donjon des Firefoux</name>
        <area>24</area>
    </SubArea>


    <SubArea id="145">
        <name>le donjon des Firefoux - Salle 1</name>
        <area>24</area>
    </SubArea>


    <SubArea id="146">
        <name>le donjon des Firefoux - Salle 2</name>
        <area>24</area>
    </SubArea>


    <SubArea id="147">
        <name>le donjon des Firefoux - Salle 3</name>
        <area>24</area>
    </SubArea>


    <SubArea id="148">
        <name>le donjon des Firefoux - Salle 4</name>
        <area>24</area>
    </SubArea>


    <SubArea id="149">
        <name>le donjon des Firefoux - Salle 5</name>
        <area>24</area>
    </SubArea>


    <SubArea id="150">
        <name>le donjon des Firefoux - Salle 6</name>
        <area>24</area>
    </SubArea>


    <SubArea id="151">
        <name>le donjon des Firefoux - Salle 7</name>
        <area>24</area>
    </SubArea>


    <SubArea id="152">
        <name>l'île de Grobe</name>
        <area>19</area>
    </SubArea>


    <SubArea id="153">
        <name>le repaire des Pandikazes - Plate-forme finale</name>
        <area>24</area>
    </SubArea>


    <SubArea id="154">
        <name>le donjon Cochon - Salle 1</name>
        <area>43</area>
    </SubArea>


    <SubArea id="155">
        <name>le donjon Cochon - Salle 2</name>
        <area>43</area>
    </SubArea>


    <SubArea id="156">
        <name>le donjon Cochon - Salle 3</name>
        <area>43</area>
    </SubArea>


    <SubArea id="157">
        <name>le donjon Cochon - Salle 4</name>
        <area>43</area>
    </SubArea>


    <SubArea id="158">
        <name>le donjon Cochon - Salle 5</name>
        <area>43</area>
    </SubArea>


    <SubArea id="159">
        <name>le donjon Cochon - Salle 6</name>
        <area>43</area>
    </SubArea>


    <SubArea id="161">
        <name>l'île des Wabbits</name>
        <area>1</area>
    </SubArea>


    <SubArea id="162">
        <name>l'ilot des Wabbits</name>
        <area>1</area>
    </SubArea>


    <SubArea id="163">
        <name>l'île des Wabbits Squelettes</name>
        <area>1</area>
    </SubArea>


    <SubArea id="164">
        <name>l'île du château des Wabbits</name>
        <area>1</area>
    </SubArea>


    <SubArea id="165">
        <name>la jungle profonde de Moon</name>
        <area>2</area>
    </SubArea>


    <SubArea id="166">
        <name>le chemin vers Moon</name>
        <area>2</area>
    </SubArea>


    <SubArea id="167">
        <name>le bateau pirate</name>
        <area>2</area>
    </SubArea>


    <SubArea id="168">
        <name>la forêt des Abraknydes Sombres</name>
        <area>6</area>
    </SubArea>


    <SubArea id="169">
        <name>l'Orée de la forêt des Abraknydes</name>
        <area>6</area>
    </SubArea>


    <SubArea id="170">
        <name>la plaine des Scarafeuilles</name>
        <area>0</area>
    </SubArea>


    <SubArea id="171">
        <name>la forêt de Pandala</name>
        <area>19</area>
    </SubArea>


    <SubArea id="173">
        <name>la prairies d'Astrub</name>
        <area>18</area>
    </SubArea>


    <SubArea id="174">
        <name>le campement des Bandits Manchots</name>
        <area>18</area>
    </SubArea>


    <SubArea id="175">
        <name>le donjon Abraknyde - Salle 1</name>
        <area>27</area>
    </SubArea>


    <SubArea id="177">
        <name>la prairie des Blops</name>
        <area>8</area>
    </SubArea>


    <SubArea id="178">
        <name>la plaine des Porkass</name>
        <area>8</area>
    </SubArea>


    <SubArea id="179">
        <name>le coin des Boos</name>
        <area>0</area>
    </SubArea>


    <SubArea id="180">
        <name>le château d'Amakna</name>
        <area>0</area>
    </SubArea>


    <SubArea id="181">
        <name>le souterrain du Château d'Amakna</name>
        <area>0</area>
    </SubArea>


    <SubArea id="182">
        <name>le village des Eleveurs</name>
        <area>28</area>
    </SubArea>


    <SubArea id="200">
        <name>le labyrinthe du Dragon Cochon</name>
        <area>26</area>
    </SubArea>


    <SubArea id="201">
        <name>le donjon des Tofus - Salle 1</name>
        <area>29</area>
    </SubArea>


    <SubArea id="202">
        <name>le donjon des Tofus - Salle 2</name>
        <area>29</area>
    </SubArea>


    <SubArea id="203">
        <name>le donjon des Tofus - Salle 3</name>
        <area>29</area>
    </SubArea>


    <SubArea id="204">
        <name>le donjon des Tofus - Salle 4</name>
        <area>29</area>
    </SubArea>


    <SubArea id="205">
        <name>le donjon des Tofus - Salle 5</name>
        <area>29</area>
    </SubArea>


    <SubArea id="206">
        <name>le donjon des Tofus - Salle 6</name>
        <area>29</area>
    </SubArea>


    <SubArea id="207">
        <name>le donjon des Tofus - Salle 7</name>
        <area>29</area>
    </SubArea>


    <SubArea id="208">
        <name>le donjon des Tofus - Salle 8</name>
        <area>29</area>
    </SubArea>


    <SubArea id="209">
        <name>l'île du Minotoror</name>
        <area>30</area>
    </SubArea>


    <SubArea id="210">
        <name>le labyrinthe du Minotoror</name>
        <area>31</area>
    </SubArea>


    <SubArea id="211">
        <name>la bibliothèque du Maître Corbac</name>
        <area>32</area>
    </SubArea>


    <SubArea id="212">
        <name>le donjon des Canidés - Entrée</name>
        <area>33</area>
    </SubArea>


    <SubArea id="213">
        <name>le donjon des Canidés - Salle 1</name>
        <area>33</area>
    </SubArea>


    <SubArea id="214">
        <name>le donjon des Canidés - Salle 2</name>
        <area>33</area>
    </SubArea>


    <SubArea id="215">
        <name>le donjon des Canidés - Salle 3</name>
        <area>33</area>
    </SubArea>


    <SubArea id="216">
        <name>le donjon des Canidés - Salle 4</name>
        <area>33</area>
    </SubArea>


    <SubArea id="217">
        <name>le donjon des Canidés - Salle 5</name>
        <area>33</area>
    </SubArea>


    <SubArea id="218">
        <name>le donjon des Canidés - Salle 6</name>
        <area>33</area>
    </SubArea>


    <SubArea id="219">
        <name>le donjon des Canidés - Salle 7</name>
        <area>33</area>
    </SubArea>


    <SubArea id="220">
        <name>le donjon des Canidés - Salle 8</name>
        <area>33</area>
    </SubArea>


    <SubArea id="221">
        <name>le donjon des Canidés - Salle 9</name>
        <area>33</area>
    </SubArea>


    <SubArea id="222">
        <name>le donjon des Canidés - Salle 10</name>
        <area>33</area>
    </SubArea>


    <SubArea id="223">
        <name>la caverne du Koulosse - Salle 1</name>
        <area>34</area>
    </SubArea>


    <SubArea id="224">
        <name>la caverne du Koulosse - Salle 2</name>
        <area>34</area>
    </SubArea>


    <SubArea id="225">
        <name>la caverne du Koulosse - Salle 3</name>
        <area>34</area>
    </SubArea>


    <SubArea id="226">
        <name>la caverne du Koulosse - Salle 4</name>
        <area>34</area>
    </SubArea>


    <SubArea id="227">
        <name>la caverne du Koulosse - Salle 5</name>
        <area>34</area>
    </SubArea>


    <SubArea id="228">
        <name>la caverne du Koulosse - Salle 6</name>
        <area>34</area>
    </SubArea>


    <SubArea id="229">
        <name>la caverne du Koulosse - L'antre</name>
        <area>34</area>
    </SubArea>


    <SubArea id="230">
        <name>le cimetière primitif</name>
        <area>28</area>
    </SubArea>


    <SubArea id="231">
        <name>le lacs enchanté</name>
        <area>28</area>
    </SubArea>


    <SubArea id="232">
        <name>le marécages nauséabonds</name>
        <area>28</area>
    </SubArea>


    <SubArea id="233">
        <name>le marécages sans fond</name>
        <area>28</area>
    </SubArea>


    <SubArea id="234">
        <name>la forêt de Kaliptus</name>
        <area>28</area>
    </SubArea>


    <SubArea id="235">
        <name>le territoire des Dragodindes Sauvages</name>
        <area>28</area>
    </SubArea>


    <SubArea id="236">
        <name>le sanctuaire des Familiers</name>
        <area>36</area>
    </SubArea>


    <SubArea id="243">
        <name>le donjon des Craqueleurs - Salle 1</name>
        <area>37</area>
    </SubArea>


    <SubArea id="244">
        <name>le donjon des Craqueleurs - Salle 2</name>
        <area>37</area>
    </SubArea>


    <SubArea id="245">
        <name>le donjon des Craqueleurs - Salle 3</name>
        <area>37</area>
    </SubArea>


    <SubArea id="246">
        <name>le donjon des Craqueleurs - Salle 4</name>
        <area>37</area>
    </SubArea>


    <SubArea id="247">
        <name>le donjon des Craqueleurs - Salle 5</name>
        <area>37</area>
    </SubArea>


    <SubArea id="248">
        <name>le donjon des Craqueleurs - Salle 6</name>
        <area>37</area>
    </SubArea>


    <SubArea id="249">
        <name>le donjon des Craqueleurs - Salle 7</name>
        <area>37</area>
    </SubArea>


    <SubArea id="250">
        <name>le donjon des Craqueleurs - Salle 8</name>
        <area>37</area>
    </SubArea>


    <SubArea id="251">
        <name>le donjon des Craqueleurs - Salle 10</name>
        <area>37</area>
    </SubArea>


    <SubArea id="252">
        <name>le donjon des Craqueleurs - Salle 11</name>
        <area>37</area>
    </SubArea>


    <SubArea id="253">
        <name>le canyon sauvage</name>
        <area>28</area>
    </SubArea>


    <SubArea id="254">
        <name>le repaire de Skeunk - Salle 1</name>
        <area>35</area>
    </SubArea>


    <SubArea id="255">
        <name>le repaire de Skeunk - Salle 2</name>
        <area>35</area>
    </SubArea>


    <SubArea id="256">
        <name>le repaire de Skeunk - Salle 3</name>
        <area>35</area>
    </SubArea>


    <SubArea id="257">
        <name>le repaire de Skeunk - Emeraude</name>
        <area>35</area>
    </SubArea>


    <SubArea id="258">
        <name>le repaire de Skeunk - Rubise</name>
        <area>35</area>
    </SubArea>


    <SubArea id="259">
        <name>le repaire de Skeunk - Saphira</name>
        <area>35</area>
    </SubArea>


    <SubArea id="260">
        <name>le repaire de Skeunk - Diamantine</name>
        <area>35</area>
    </SubArea>


    <SubArea id="261">
        <name>le repaire de Skeunk - Antre</name>
        <area>35</area>
    </SubArea>


    <SubArea id="266">
        <name>le repaire de Skeunk - Salle 4</name>
        <area>35</area>
    </SubArea>


    <SubArea id="267">
        <name>le repaire de Skeunk - Salle 5</name>
        <area>35</area>
    </SubArea>


    <SubArea id="268">
        <name>le donjon des Tofus - Salle 9</name>
        <area>29</area>
    </SubArea>


    <SubArea id="269">
        <name>le donjon des Tofus - Salle 10</name>
        <area>29</area>
    </SubArea>


    <SubArea id="270">
        <name>le donjon des Tofus - Salle 11</name>
        <area>29</area>
    </SubArea>


    <SubArea id="271">
        <name>le donjon des Tofus - Salle 12</name>
        <area>29</area>
    </SubArea>


    <SubArea id="272">
        <name>le donjon des Tofus - Salle 13</name>
        <area>29</area>
    </SubArea>


    <SubArea id="273">
        <name>le donjon des Tofus - Salle 14</name>
        <area>29</area>
    </SubArea>


    <SubArea id="274">
        <name>le donjon des Tofus - Salle 15</name>
        <area>29</area>
    </SubArea>


    <SubArea id="275">
        <name>la vallée de la Morh'Kitu</name>
        <area>28</area>
    </SubArea>


    <SubArea id="276">
        <name>le campement des Gobelins</name>
        <area>0</area>
    </SubArea>


    <SubArea id="277">
        <name>le village des Bworks</name>
        <area>0</area>
    </SubArea>


    <SubArea id="278">
        <name>l'élevage de Bouftous du Château d'Amakna</name>
        <area>18</area>
    </SubArea>


    <SubArea id="279">
        <name>la bordure de Bonta</name>
        <area>7</area>
    </SubArea>


    <SubArea id="280">
        <name>la bordure de Brâkmar</name>
        <area>11</area>
    </SubArea>


    <SubArea id="284">
        <name>le donjon des Bworks - Salle 1</name>
        <area>39</area>
    </SubArea>


    <SubArea id="285">
        <name>le donjon des Bworks - Salle 2</name>
        <area>39</area>
    </SubArea>


    <SubArea id="286">
        <name>le donjon des Bworks - Salle 3</name>
        <area>39</area>
    </SubArea>


    <SubArea id="287">
        <name>le donjon des Bworks - Cachot</name>
        <area>39</area>
    </SubArea>


    <SubArea id="288">
        <name>le donjon des Bworks - Salle 4</name>
        <area>39</area>
    </SubArea>


    <SubArea id="289">
        <name>le donjon des Bworks - Salle 5</name>
        <area>39</area>
    </SubArea>


    <SubArea id="290">
        <name>le donjon des Bworks - Salle 6</name>
        <area>39</area>
    </SubArea>


    <SubArea id="291">
        <name>le donjon des Bworks - Salle 7</name>
        <area>39</area>
    </SubArea>


    <SubArea id="292">
        <name>le donjon des Canidés - Salle 11</name>
        <area>33</area>
    </SubArea>


    <SubArea id="293">
        <name>le donjon des Canidés - Salle 12</name>
        <area>33</area>
    </SubArea>


    <SubArea id="294">
        <name>le donjon des Canidés - Salle 13</name>
        <area>33</area>
    </SubArea>


    <SubArea id="295">
        <name>le donjon des Canidés - Salle 14</name>
        <area>33</area>
    </SubArea>


    <SubArea id="296">
        <name>le donjon des Canidés - Salle 15</name>
        <area>33</area>
    </SubArea>


    <SubArea id="297">
        <name>le donjon des Scarafeuilles - Salle 1</name>
        <area>40</area>
    </SubArea>


    <SubArea id="298">
        <name>le donjon des Scarafeuilles - Salle 2</name>
        <area>40</area>
    </SubArea>


    <SubArea id="299">
        <name>le donjon des Scarafeuilles - Salle 3</name>
        <area>40</area>
    </SubArea>


    <SubArea id="300">
        <name>le donjon des Scarafeuilles - Salle 4</name>
        <area>40</area>
    </SubArea>


    <SubArea id="301">
        <name>le donjon des Scarafeuilles - Salle 5</name>
        <area>40</area>
    </SubArea>


    <SubArea id="302">
        <name>le donjon des Scarafeuilles - Salle 6</name>
        <area>40</area>
    </SubArea>


    <SubArea id="303">
        <name>le donjon des Scarafeuilles - Salle 7</name>
        <area>40</area>
    </SubArea>


    <SubArea id="304">
        <name>le donjon des Scarafeuilles - Salle 8</name>
        <area>40</area>
    </SubArea>


    <SubArea id="306">
        <name>le donjon des Champs - Salle 1</name>
        <area>41</area>
    </SubArea>


    <SubArea id="307">
        <name>le donjon des Champs - Salle 2</name>
        <area>41</area>
    </SubArea>


    <SubArea id="308">
        <name>le donjon des Champs - Salle 3</name>
        <area>41</area>
    </SubArea>


    <SubArea id="309">
        <name>le donjon des Champs - Salle 4</name>
        <area>41</area>
    </SubArea>


    <SubArea id="310">
        <name>le donjon des Champs - Salle 5</name>
        <area>41</area>
    </SubArea>


    <SubArea id="311">
        <name>le donjon des Champs - Salle 6</name>
        <area>41</area>
    </SubArea>


    <SubArea id="312">
        <name>le donjon des Champs - Salle 7</name>
        <area>41</area>
    </SubArea>


    <SubArea id="313">
        <name>le donjon des Tofus - Salle 16</name>
        <area>29</area>
    </SubArea>


    <SubArea id="314">
        <name>le sanctuaire des Dragoeufs</name>
        <area>0</area>
    </SubArea>


    <SubArea id="315">
        <name>le village des Dragoeufs</name>
        <area>0</area>
    </SubArea>


    <SubArea id="316">
        <name>le sous-terrain des Dragoeufs</name>
        <area>0</area>
    </SubArea>


    <SubArea id="317">
        <name>le donjon des Craqueleurs - Salle 9</name>
        <area>37</area>
    </SubArea>


    <SubArea id="318">
        <name>Alkatraz</name>
        <area>18</area>
    </SubArea>


    <SubArea id="319">
        <name>le labyrinthe du Minotoror</name>
        <area>31</area>
    </SubArea>


    <SubArea id="320">
        <name>l'île de Nowel</name>
        <area>42</area>
    </SubArea>


    <SubArea id="321">
        <name>le donjon de Nowel</name>
        <area>42</area>
    </SubArea>


    <SubArea id="322">
        <name>le donjon Cochon - Salle 7</name>
        <area>43</area>
    </SubArea>


    <SubArea id="323">
        <name>le donjon Cochon - Salle 8</name>
        <area>43</area>
    </SubArea>


    <SubArea id="324">
        <name>le donjon Cochon - Salle 9</name>
        <area>43</area>
    </SubArea>


    <SubArea id="325">
        <name>le donjon Dragoeuf - Salle 1</name>
        <area>44</area>
    </SubArea>


    <SubArea id="326">
        <name>le donjon Dragoeuf - Salle 2</name>
        <area>44</area>
    </SubArea>


    <SubArea id="327">
        <name>le donjon Dragoeuf - Salle 3</name>
        <area>44</area>
    </SubArea>


    <SubArea id="328">
        <name>le donjon Dragoeuf - Salle 4</name>
        <area>44</area>
    </SubArea>


    <SubArea id="329">
        <name>le donjon Dragoeuf - Salle 5</name>
        <area>44</area>
    </SubArea>


    <SubArea id="330">
        <name>le donjon Dragoeuf - Salle 6</name>
        <area>44</area>
    </SubArea>


    <SubArea id="331">
        <name>le donjon Dragoeuf - Salle 7</name>
        <area>44</area>
    </SubArea>


    <SubArea id="332">
        <name>le donjon Dragoeuf - Salle 8</name>
        <area>44</area>
    </SubArea>


    <SubArea id="333">
        <name>le donjon Dragoeuf - Salle 9</name>
        <area>44</area>
    </SubArea>


    <SubArea id="334">
        <name>la baie de Cania</name>
        <area>8</area>
    </SubArea>


    <SubArea id="335">
        <name>les calanques d'Astrub</name>
        <area>18</area>
    </SubArea>


    <SubArea id="336">
        <name>le donjon Ensablé</name>
        <area>18</area>
    </SubArea>


    <SubArea id="337">
        <name>le donjon des Rats de Bonta</name>
        <area>7</area>
    </SubArea>


    <SubArea id="338">
        <name>le donjon des Rats de Brâkmar</name>
        <area>11</area>
    </SubArea>


    <SubArea id="339">
        <name>le donjon des Rats du Château d'Amakna</name>
        <area>0</area>
    </SubArea>


    <SubArea id="440">
        <name>les pitons rocheux</name>
        <area>45</area>
    </SubArea>


    <SubArea id="441">
        <name>la clairière</name>
        <area>45</area>
    </SubArea>


    <SubArea id="442">
        <name>le lac</name>
        <area>45</area>
    </SubArea>


    <SubArea id="443">
        <name>la forêt</name>
        <area>45</area>
    </SubArea>


    <SubArea id="444">
        <name>les champs</name>
        <area>45</area>
    </SubArea>


    <SubArea id="445">
        <name>la prairie</name>
        <area>45</area>
    </SubArea>


    <SubArea id="446">
        <name>le temple</name>
        <area>45</area>
    </SubArea>


    <SubArea id="447">
        <name>le donjon</name>
        <area>45</area>
    </SubArea>


    <SubArea id="448">
        <name>un térritoire inconnu</name>
        <area>45</area>
    </SubArea>


    <SubArea id="449">
        <name>le cimetière</name>
        <area>45</area>
    </SubArea>


    <SubArea id="450">
        <name>la sortie du temple</name>
        <area>45</area>
    </SubArea>


    <SubArea id="451">
        <name>l'île des naufragés</name>
        <area>46</area>
    </SubArea>


    <SubArea id="452">
        <name>la mer</name>
        <area>46</area>
    </SubArea>


    <SubArea id="453">
        <name>la plage de Corail</name>
        <area>46</area>
    </SubArea>


    <SubArea id="454">
        <name>la plaines herbeuses</name>
        <area>46</area>
    </SubArea>


    <SubArea id="455">
        <name>la jungle obscure</name>
        <area>46</area>
    </SubArea>


    <SubArea id="457">
        <name>la tourbière sans fond</name>
        <area>46</area>
    </SubArea>


    <SubArea id="459">
        <name>le canopée du Kimbo</name>
        <area>46</area>
    </SubArea>


    <SubArea id="460">
        <name>la grotte Hesque</name>
        <area>46</area>
    </SubArea>


    <SubArea id="461">
        <name>l'arche d'Otomaï</name>
        <area>46</area>
    </SubArea>


    <SubArea id="462">
        <name>la clairière de Floribonde</name>
        <area>46</area>
    </SubArea>


    <SubArea id="463">
        <name>le laboratoire du Tynril</name>
        <area>46</area>
    </SubArea>


    <SubArea id="464">
        <name>le tronc de l'arbre Hakam</name>
        <area>46</area>
    </SubArea>


    <SubArea id="465">
        <name>le village des éleveurs</name>
        <area>46</area>
    </SubArea>


    <SubArea id="466">
        <name>le village côtier</name>
        <area>46</area>
    </SubArea>


    <SubArea id="467">
        <name>le cimetière de l'île d'Otomaï</name>
        <area>46</area>
    </SubArea>


    <SubArea id="468">
        <name>le village des Zoths</name>
        <area>47</area>
    </SubArea>


    <SubArea id="469">
        <name>le village de la Canop</name>
        <area>46</area>
    </SubArea>


    <SubArea id="470">
        <name>le goulet du Rasboul</name>
        <area>46</area>
    </SubArea>


    <SubArea id="471">
        <name>Tourbière nauséabonde</name>
        <area>46</area>
    </SubArea>


    <SubArea id="472">
        <name>le feuillage de L'arbre Hakam</name>
        <area>46</area>
    </SubArea>


    <SubArea id="473">
        <name>Le laboratoire caché</name>
        <area>46</area>
    </SubArea>


    <SubArea id="474">
        <name>la cale de l'arche d'Otomaï</name>
        <area>46</area>
    </SubArea>


    <SubArea id="476">
        <name>le pont de Grobe</name>
        <area>19</area>
    </SubArea>


    <SubArea id="477">
        <name>le prisme Zothier</name>
        <area>47</area>
    </SubArea>


    <SubArea id="478">
        <name>les gardiens de la porte des Zoths</name>
        <area>47</area>
    </SubArea>


    <SubArea id="479">
        <name>la riviére Kawaii</name>
        <area>0</area>
    </SubArea>


    <SubArea id="480">
        <name>la montagne basse des Craqueleurs</name>
        <area>0</area>
    </SubArea>


    <SubArea id="481">
        <name>la clairiére de Brouce Boulgour</name>
        <area>0</area>
    </SubArea>


    <SubArea id="482">
        <name>la Millifutaie</name>
        <area>0</area>
    </SubArea>


    <SubArea id="483">
        <name>le chemin de fer abandonné</name>
        <area>0</area>
    </SubArea>


    <SubArea id="484">
        <name>l'Orée de la Millifutaie</name>
        <area>0</area>
    </SubArea>


    <SubArea id="485">
        <name>la campagne</name>
        <area>0</area>
    </SubArea>


    <SubArea id="486">
        <name>le Bosquet du petit talus</name>
        <area>0</area>
    </SubArea>


    <SubArea id="487">
        <name>le grenier-cachot de Pandala Air</name>
        <area>19</area>
    </SubArea>


    <SubArea id="488">
        <name>les souterrains d'Amakna</name>
        <area>0</area>
    </SubArea>


    <SubArea id="490">
        <name>le rivage du golfe sufokien</name>
        <area>0</area>
    </SubArea>


    <SubArea id="491">
        <name>le donjondes Larves</name>
        <area>0</area>
    </SubArea>


    <SubArea id="492">
        <name>le passage vers Brâkmar</name>
        <area>0</area>
    </SubArea>


    <SubArea id="493">
        <name>le donjon des Blops</name>
        <area>8</area>
    </SubArea>


    <SubArea id="494">
        <name>le donjon Fungus</name>
        <area>12</area>
    </SubArea>


    <SubArea id="495">
        <name>la caverne des Fungus</name>
        <area>12</area>
    </SubArea>


    <SubArea id="496">
        <name>le donjon de Ku'tan</name>
        <area>12</area>
    </SubArea>


    <SubArea id="497">
        <name>le donjon d'Ilyzaelle</name>
        <area>8</area>
    </SubArea>


    <SubArea id="498">
        <name>le sanctuaire Hotomani</name>
        <area>8</area>
    </SubArea>


    <SubArea id="499">
        <name>le cimetière de l'île du Minotoror</name>
        <area>30</area>
    </SubArea>


    <SubArea id="500">
        <name>le cimetière du village des Zoths.</name>
        <area>47</area>
    </SubArea>


    <SubArea id="501">
        <name>l'îlot Estitch</name>
        <area>0</area>
    </SubArea>


    <SubArea id="502">
        <name>le quartier des bûcherons</name>
        <area>11</area>
    </SubArea>


    <SubArea id="503">
        <name>le quartier des bouchers</name>
        <area>11</area>
    </SubArea>


    <SubArea id="504">
        <name>le quartier de la milice</name>
        <area>11</area>
    </SubArea>


    <SubArea id="505">
        <name>le quartier des boulangers</name>
        <area>11</area>
    </SubArea>


    <SubArea id="506">
        <name>le quartier des bijoutiers</name>
        <area>11</area>
    </SubArea>


    <SubArea id="507">
        <name>le quartier des tailleurs</name>
        <area>11</area>
    </SubArea>


    <SubArea id="508">
        <name>le quartier des forgerons</name>
        <area>11</area>
    </SubArea>


    <SubArea id="509">
        <name>le quartier des bricoleurs</name>
        <area>11</area>
    </SubArea>


    <SubArea id="510">
        <name>l'arêne</name>
        <area>11</area>
    </SubArea>


    <SubArea id="511">
        <name>le centre-ville</name>
        <area>11</area>
    </SubArea>


    <SubArea id="512">
        <name>l'arêne</name>
        <area>7</area>
    </SubArea>


    <SubArea id="513">
        <name>le centre-ville</name>
        <area>7</area>
    </SubArea>


    <SubArea id="514">
        <name>la tour des ordres</name>
        <area>7</area>
    </SubArea>


    <SubArea id="515">
        <name>la tour des ordres</name>
        <area>11</area>
    </SubArea>

    <SubArea id="1021">
        <name>le cube MJ</name>
        <area>1020</area>
    </SubArea>

    <SubArea id="1023">
        <name>la zone marchande</name>
        <area>1022</area>
    </SubArea>

</SubAreas>